,id,lat,lon,elevation,state,desc
0,USW00003016,39.5264,-107.7264,1685.5,CO,RIFLE GARFIELD CO AP
1,USW00003017,39.8328,-104.6575,1650.2,CO,CO DENVER INTL AP
2,USW00003024,35.6950,-101.3950,930.9,TX,BORGER HUTCHINSON CO AP
3,USW00003026,39.2447,-102.2842,1277.7,CO,CO BURLINGTON CARSON AP
4,USW00003027,35.0028,-105.6628,2159.8,NM,NM CLINES CORNERS
5,USW00003028,37.2833,-102.6139,1335.9,CO,CO SPRINGFIELD COMANCHE
6,USW00003029,35.6575,-109.0614,2054.0,AZ,WINDOW ROCK AP
7,USW00003030,36.6817,-101.5053,951.9,OK,GUYMON MUNI AP
8,USW00003031,31.9206,-102.3867,914.7,TX,TX ODESSA SCHLEMEYER FLD
9,USW00003032,30.0481,-102.2131,707.7,TX,DRYDEN TERRELL CO AP
10,USW00003047,31.6219,-102.8072,830.3,TX,MONAHANS 6 ENE
11,USW00003048,34.3558,-106.8858,1477.4,NM,SOCORRO 20 N
12,USW00003054,33.9558,-102.7739,1140.6,TX,MULESHOE 19 S
13,USW00003055,36.5992,-101.5950,995.5,OK,GOODWELL 2 E
14,USW00003060,38.5439,-107.6928,2560.9,CO,MONTROSE 11 ENE
15,USW00003061,37.2553,-108.5036,2448.8,CO,CORTEZ 8 SE
16,USW00003062,35.8583,-106.5214,2656.6,NM,ALAMOS 13 W
17,USW00003063,37.8639,-103.8225,1336.9,CO,JUNTA 17 WSW
18,USW00003067,38.8700,-100.9628,874.8,KS,OAKLEY 19 SSW
19,USW00003072,32.0408,-100.2494,608.7,TX,BRONTE 11 NNE
20,USW00003074,32.6136,-106.7414,1318.9,NM,CRUCES 20 N
21,USW00003102,34.0561,-117.6003,289.3,CA,ONTARIO INTL AP
22,USW00003103,35.1442,-111.6664,2134.5,AZ,AZ FLAGSTAFF PULLIAM AP
23,USW00003104,33.6267,-116.1594,-36.0,CA,DESERT RESORTS RGNL AP
24,USW00003122,33.8017,-118.3411,27.4,CA,TORRANCE AP
25,USW00003124,31.5883,-110.3442,1438.4,AZ,AZ FORT HUACHUCA
26,USW00003125,32.8356,-114.3942,98.8,AZ,AZ YUMA PROVING GROUND
27,USW00003131,32.8158,-117.1394,127.1,CA,CA SAN DIEGO MONTGOMERY FLD
28,USW00003144,32.8342,-115.5786,-17.7,CA,IMPERIAL CO AP
29,USW00003145,32.6500,-114.6167,64.9,AZ,YUMA MCAS
30,USW00003154,33.3000,-117.3500,22.9,CA,CA CAMP PENDLETON MCAS
31,USW00003159,34.7411,-118.2117,712.6,CA,WM J FOX FLD
32,USW00003160,36.6206,-116.0278,984.5,NV,NV MERCURY DESERT ROCK AP
33,USW00003162,36.9261,-111.4478,1313.7,AZ,PAGE MUNI AP
34,USW00003164,32.6233,-116.4728,801.6,CA,CAMPO
35,USW00003166,33.8719,-117.9789,29.3,CA,FULLERTON MUNI AP
36,USW00003167,33.9228,-118.3342,19.2,CA,HAWTHORNE MUNI AP
37,USW00003170,39.6014,-116.0056,1809.3,NV,NV EUREKA AIRPORT
38,USW00003171,33.9519,-117.4386,245.4,CA,RIVERSIDE MUNI AP
39,USW00003177,33.1281,-117.2794,100.0,CA,CA CARLSBAD PALOMAR AP
40,USW00003178,32.5722,-116.9794,157.0,CA,SAN DIEGO BROWN FLD
41,USW00003179,33.9753,-117.6361,198.1,CA,AP
42,USW00003184,33.6883,-112.0817,443.5,AZ,PHOENIX DEER VALLEY MUNI AP
43,USW00003192,33.6228,-111.9106,449.0,AZ,SCOTTSDALE MUNI AP
44,USW00003195,35.9461,-112.1547,2013.5,AZ,CANYON NP AP
45,USW00003196,31.4208,-110.8458,1198.5,AZ,NOGALES INTL AP
46,USW00003728,33.1533,-79.3636,2.7,SC,SC MCCLELLANVILLE 7 NE
47,USW00003733,39.0131,-79.4742,1033.3,WV,ELKINS 21 ENE
48,USW00003739,37.2908,-75.9269,8.8,VA,CHARLES 5 ENE
49,USW00003749,39.6450,-77.4681,563.0,MD,CAMP DAVID
50,USW00003757,38.1417,-76.4292,6.4,MD,ST INIGOES WEBSTER NOLF
51,USW00003758,35.9706,-79.0931,171.3,NC,DURHAM 11 W
52,USW00003759,37.9975,-78.4656,358.7,VA,VA CHARLOTTESVILLE 2 SSE
53,USW00003761,39.8592,-75.7861,121.9,PA,AVONDALE 2 N
54,USW00003802,39.2956,-80.2289,366.7,WV,WV CLARKSBURG BENEDUM AP
55,USW00003804,39.3450,-81.4392,253.3,WV,WV PARKERSBURG WOOD CO AP
56,USW00003809,36.0003,-89.4100,91.4,TN,DYERSBURG III GOLF
57,USW00003810,35.7425,-81.3819,348.4,NC,NC HICKORY FAA AP
58,USW00003811,35.5931,-88.9167,132.0,TN,TN JACKSON MCKELLAR AP
59,USW00003812,35.4319,-82.5375,645.3,NC,NC ASHEVILLE RGNL AP
60,USW00003813,32.6847,-83.6528,104.5,GA,MACON MIDDLE GA RGNL AP
61,USW00003816,37.0683,-88.7719,119.5,KY,KY PADUCAH
62,USW00003818,30.8356,-85.1839,34.4,FL,FL MARIANNA MUNI AP
63,USW00003820,33.3644,-81.9633,40.2,GA,GA AUGUSTA BUSH FLD AP
64,USW00003822,32.1300,-81.2100,14.0,GA,GA SAVANNAH INTL AP
65,USW00003841,36.0028,-84.2486,275.8,TN,OAK RIDGE ATDD
66,USW00003847,35.9508,-85.0814,569.1,TN,TN CROSSVILLE MEM AP
67,USW00003849,37.0872,-84.0769,362.1,KY,KY LONDON CORBIN AP
68,USW00003850,31.2667,-85.7167,91.1,AL,CAIRNS FLD FT RUCKER
69,USW00003852,30.4167,-86.6833,11.9,FL,FL VALPARAISO HURLBURT FLD
70,USW00003853,30.4000,-81.4167,4.9,FL,MAYPORT PILOT STN
71,USW00003855,30.3500,-87.3167,8.5,FL,FL PENSACOLA FOREST SHERMAN NAS
72,USW00003856,34.6439,-86.7861,190.2,AL,AL HUNTSVILLE INTL AP
73,USW00003859,37.2958,-81.2078,874.8,WV,BLUEFIELD MERCER CO AP
74,USW00003860,38.3650,-82.5550,251.2,WV,WV HUNTINGTON TRI STATE AP
75,USW00003866,32.5500,-88.5667,82.6,MS,MERIDIAN NAAS
76,USW00003868,39.4519,-87.3089,175.3,IN,TERRE HAUTE HULMAN RGNL AP
77,USW00003870,34.8831,-82.2203,286.5,SC,GREER
78,USW00003872,37.7836,-81.1231,766.3,WV,WV BECKLEY RALEIGH CO AP
79,USW00003878,31.8606,-86.0122,121.0,AL,MUNI AP
80,USW00003881,32.8661,-87.2383,137.2,AL,AL CENTREVILLE 6 SW
81,USW00003882,30.2119,-85.6828,6.4,FL,CITY BAY CO AP
82,USW00003887,39.8344,-88.8656,205.7,IL,DECATUR AP
83,USW00003888,33.7792,-84.5214,256.0,GA,ATLANTA FULTON CO AP
84,USW00003889,37.5908,-83.3131,415.7,KY,KY JACKSON
85,USW00003893,39.1333,-86.6167,257.3,IN,IN BLOOMINGTON MONROE CO AP
86,USW00003894,36.6239,-87.4194,170.7,TN,TN CLARKSVILLE OUTLAW AP
87,USW00003901,32.3847,-94.7117,111.3,TX,LONGVIEW E TX RGNL AP
88,USW00003902,31.0667,-97.8333,309.4,TX,ROBERT GRAY AAF
89,USW00003904,30.5892,-96.3647,93.0,TX,TX COLLEGE STN
90,USW00003919,38.8000,-97.6500,386.8,KS,SALINA MUNI AP
91,USW00003923,37.6167,-97.2667,413.9,KS,KS WICHITA MCCONNELL AFB
92,USW00003927,32.8978,-97.0189,170.7,TX,DALLAS FT WORTH AP
93,USW00003928,37.6544,-97.4425,406.9,KS,KS WICHITA
94,USW00003930,34.9167,-92.1500,103.0,AR,LITTLE ROCK AFB
95,USW00003931,31.0500,-93.1833,100.6,LA,FT POLK AAF
96,USW00003932,35.2100,-99.1200,585.8,OK,CLINTON SHERMAN AP
97,USW00003933,31.1333,-97.7167,281.6,TX,FT HOOD
98,USW00003935,37.2253,-89.5706,102.4,MO,MO CAPE GIRARDEAU MUNI AP
99,USW00003936,39.1353,-96.6778,322.2,KS,MANHATTAN MUNI AP
100,USW00003937,30.1250,-93.2158,4.0,LA,LA LAKE CHARLES
101,USW00003940,32.3206,-90.0778,100.6,MS,MS JACKSON INTL AP
102,USW00003945,38.8169,-92.2183,272.2,MO,MO COLUMBIA RGNL AP
103,USW00003947,39.2972,-94.7306,306.3,MO,MO KANSAS CITY INTL AP
104,USW00003949,31.4000,-93.2833,111.3,LA,LA PEASON RIDGE RANGE
105,USW00003950,34.5583,-98.4172,325.8,OK,LAWTON MUNI AP
106,USW00003951,32.3500,-94.6500,124.1,TX,TX LONGVIEW WSMO
107,USW00003952,34.8364,-92.2619,173.1,AR,AR LITTLE ROCK
108,USW00003953,35.8311,-90.6464,79.9,AR,JONESBORO MUNI AP
109,USW00003954,35.5342,-97.6469,395.3,OK,OKLAHOMA CITY POST AP
110,USW00003957,37.2839,-98.5528,467.9,KS,KS MEDICINE LODGE
111,USW00003959,36.7683,-96.0261,217.9,OK,BARTLESVILLE F P FLD
112,USW00003960,38.5714,-90.1572,125.9,IL,CAHOKIA ST LOUIS AP
113,USW00003962,34.2900,-93.0600,163.1,AR,HOT SPRINGS ASOS
114,USW00003963,38.5911,-92.1558,174.7,MO,JEFFERSON CITY MEM AP
115,USW00003965,36.1625,-97.0894,299.9,OK,STILLWATER RGNL AP
116,USW00003966,38.6572,-90.6558,140.8,MO,OF S L AP
117,USW00003967,38.8500,-94.7392,326.1,KS,OLATHE JOHNSON CO EXEC AP
118,USW00003969,32.2314,-98.2319,393.2,TX,TX STEPHENVILLE
119,USW00003971,32.6808,-96.8681,200.6,TX,DALLAS REDBIRD AP
120,USW00003974,37.7461,-97.2211,433.1,KS,WICHITA JABARA AP
121,USW00003975,36.7725,-90.3247,99.7,MO,MO POPLAR BLUFF MUNI AP
122,USW00003981,34.3622,-98.9761,386.2,OK,ALTUS AFB
123,USW00003991,33.2061,-97.1989,195.7,TX,DENTON MUNI AP
124,USW00003994,38.7042,-93.1833,274.3,MO,SEDALIA MEM AP
125,USW00003996,32.3500,-91.0278,26.2,LA,LA TALLULAH VICKSBURG AP
126,USW00003997,39.0083,-95.2117,253.6,KS,LAWRENCE MUNI AP
127,USW00003998,37.3278,-95.5042,264.9,KS,PARSONS TRI CITY AP
128,USW00003999,30.7406,-98.2353,392.6,TX,BURNET MUNI AP
129,USW00004109,46.1442,-115.5964,451.1,ID,ID LOWELL THREE RIVERS
130,USW00004110,42.7267,-114.4564,1233.8,ID,CO AP
131,USW00004111,41.2731,-111.0306,2183.3,WY,EVANSTON BURNS FLD
132,USW00004112,44.1708,-114.9272,1979.7,ID,STANLEY RS
133,USW00004113,45.8258,-119.2611,195.4,OR,HERMISTON MUNI AP
134,USW00004114,44.5228,-114.2150,1534.1,ID,CHALLIS AP
135,USW00004125,44.5561,-119.6458,684.3,OR,DAY 35 WNW
136,USW00004126,43.4622,-113.5561,1804.4,ID,ARCO 17 SW
137,USW00004127,43.2044,-116.7506,1204.0,ID,MURPHY 10 W
138,USW00004128,43.4711,-119.6917,1396.9,OR,RILEY 10 WSW
139,USW00004130,48.7411,-113.4331,1388.4,MT,MARY 1 SSW
140,USW00004131,43.6614,-110.7119,1970.8,WY,MOOSE 1 NNE
141,USW00004134,40.1606,-113.3508,1310.6,UT,GRANITE PEAK DUGWAY PG
142,USW00004136,47.4175,-117.5264,691.0,WA,SPOKANE 17 SSW
143,USW00004137,45.1581,-113.0058,1820.0,MT,DILLON 18 WSW
144,USW00004138,41.6164,-112.5436,1509.1,UT,BRIGHAM CITY 28 WNW
145,USW00004139,41.8483,-119.6358,1981.2,NV,DENIO 52 WSW
146,USW00004140,46.8847,-110.2894,1545.3,MT,LEWISTOWN 42 WSW
147,USW00004141,43.2717,-124.3186,3.7,OR,BAY 8 SW
148,USW00004201,45.7728,-122.8611,16.8,OR,SCAPPOOSE IND AP
149,USW00004222,40.6508,-122.6067,432.2,CA,REDDING 12 WNW
150,USW00004223,48.5406,-121.4461,124.1,WA,DARRINGTON 21 NNE
151,USW00004236,44.4186,-123.3258,95.1,OR,CORVALLIS 10 SSW
152,USW00004237,47.5139,-123.8120,87.2,WA,QUINAULT 4 NE
153,USW00004724,43.1072,-78.9453,178.3,NY,NIAGARA FALLS INTL AP
154,USW00004725,42.1997,-75.9850,489.5,NY,NY BINGHAMTON
155,USW00004726,40.3161,-78.8339,696.2,PA,JOHNSTOWN CAMBRIA CO AP
156,USW00004743,43.0833,-70.8167,39.0,NH,NH PORTSMOUTH PEASE AFB
157,USW00004751,41.8031,-78.6403,645.3,PA,BRADFORD RGNL AP
158,USW00004780,42.5519,-71.7558,106.1,MA,FITCHBURG MUNI AP
159,USW00004781,40.7939,-73.1017,25.6,NY,NY ISLIP LI MACARTHUR AP
160,USW00004787,41.1783,-78.8989,552.9,PA,DUBOIS JEFFERSON CO AP
161,USW00004789,41.5092,-74.2650,111.3,NY,NY MONTGOMERY ORANGE AP
162,USW00004803,45.6308,-89.4653,487.4,WI,WI RHINELANDER ONEIDA AP
163,USW00004804,40.0781,-83.0781,275.8,OH,COLUMBUS OHIO STATE UNIV AP
164,USW00004808,41.7700,-88.4814,216.4,IL,CHICAGO AURORA MUNI AP
165,USW00004826,44.3592,-89.8369,310.6,WI,WI WISCONSIN RAPIDS ALEXANDER
166,USW00004836,47.2856,-68.3133,301.1,ME,ME FRENCHVILLE AROOSTOOK AP
167,USW00004838,42.1208,-87.9047,193.9,IL,IL CHICAGO PALWAUKEE AP
168,USW00004839,42.7461,-86.0967,210.0,MI,HOLLAND TULIP CITY AP
169,USW00004840,43.7700,-88.4864,246.6,WI,LAC CO AP
170,USW00004841,43.7694,-87.8506,227.4,WI,SHEBOYGAN CO MEM AP
171,USW00004842,40.8731,-81.8867,346.6,OH,WOOSTER WAYNE CO AP
172,USW00004843,41.6264,-80.2150,426.7,PA,PORT MEADVILLE AP
173,USW00004845,42.5950,-87.9381,226.5,WI,KENOSHA RGNL AP
174,USW00004846,41.4525,-87.0058,234.7,IN,VALPARAISO PORTER CO MUNI AP
175,USW00004847,41.8678,-84.0794,242.6,MI,ADRIAN LENAWEE CO AP
176,USW00004848,41.5631,-83.4764,189.6,OH,TOLEDO METCALF FLD
177,USW00004849,41.3461,-82.1794,242.0,OH,ELYRIA LORAIN CO AP
178,USW00004850,40.7083,-84.0267,297.2,OH,ALLEN CO AP
179,USW00004851,41.3375,-84.4289,215.8,OH,DEFIANCE MEM AP
180,USW00004852,40.4719,-81.4236,272.8,OH,OH NEW PHILADELPHIA FLD
181,USW00004853,41.5175,-81.6836,178.0,OH,CLEVELAND BURKE AP
182,USW00004854,45.0133,-84.7014,406.9,MI,GAYLORD OTSEGO CO AP
183,USW00004855,40.6161,-83.0636,303.0,OH,MARION MUNI AP
184,USW00004857,41.7781,-80.6958,281.6,OH,ASHTABULA CO AP
185,USW00004858,40.0228,-82.4625,269.4,OH,NEWARK HEATH AP
186,USW00004990,43.7347,-96.6222,485.9,SD,FALLS 14 NNE
187,USW00004994,48.3056,-95.8744,350.5,MN,GOODRIDGE 12 NNW
188,USW00012810,27.8500,-82.5167,7.9,FL,FL MACDILL AFB
189,USW00012812,26.9172,-81.9914,7.6,FL,PUNTA GORDA CHARLOTTE CO AP
190,USW00012815,28.4339,-81.3250,27.4,FL,FL ORLANDO INTL AP
191,USW00012816,29.6919,-82.2756,37.5,FL,FL GAINESVILLE RGNL AP
192,USW00012818,28.4736,-82.4544,23.5,FL,FL BROOKSVILLE HERNANDO CO AP
193,USW00012819,28.8208,-81.8097,23.5,FL,LEESBURG MUNI AP
194,USW00012826,25.4833,-80.3833,4.9,FL,HOMESTEAD AFB
195,USW00012832,29.7333,-85.0333,5.8,FL,FL APALACHICOLA AP
196,USW00012833,29.6333,-83.1053,11.6,FL,CROSS CITY AP
197,USW00012834,29.1828,-81.0483,9.4,FL,FL DAYTONA BEACH INTL AP
198,USW00012835,26.5850,-81.8614,4.6,FL,MYERS PAGE FLD AP
199,USW00012836,24.5550,-81.7522,1.2,FL,KEY WEST INTL AP
200,USW00012838,28.1011,-80.6439,8.2,FL,FL MELBOURNE INTL AP
201,USW00012839,25.7906,-80.3164,8.8,FL,MIAMI INTL AP
202,USW00012841,28.5453,-81.3331,32.9,FL,FL ORLANDO EXECUTIVE AP
203,USW00012842,27.9619,-82.5403,5.8,FL,FL TAMPA INTL AP
204,USW00012843,27.6531,-80.2428,8.5,FL,VERO BEACH INTL AP
205,USW00012844,26.6847,-80.0994,5.8,FL,WEST PALM BEACH INTL AP
206,USW00012849,26.0719,-80.1536,3.4,FL,FL FT LAUDERDALE HOLLYWOOD
207,USW00012850,24.5833,-81.6833,1.8,FL,WEST NAS
208,USW00012854,28.7797,-81.2436,16.8,FL,ORLANDO SANFORD AP
209,USW00012859,25.7167,-80.2833,4.6,FL,MIAMI WSO CITY
210,USW00012871,27.4014,-82.5586,8.5,FL,FL SARASOTA BRADENTON AP
211,USW00012873,27.9106,-82.6875,3.4,FL,ST PETERSBURG INTL AP
212,USW00012876,28.0622,-81.7542,44.5,FL,WINTER HAVEN GILBERT AP
213,USW00012882,25.9069,-80.2803,3.0,FL,OPA LOCKA AP
214,USW00012883,28.0206,-81.9219,44.2,FL,LAKELAND
215,USW00012884,29.3331,-89.4075,0.9,LA,LA BOOTHVILLE ASOS
216,USW00012885,26.1969,-80.1708,4.3,FL,FL FT LAUDERDALE EXECUTIVE AP
217,USW00012888,25.6475,-80.4331,3.0,FL,FL MIAMI KENDALL TAMIAMI EXEC
218,USW00012894,26.5361,-81.7550,9.4,FL,SW FL RGNL AP
219,USW00012895,27.4981,-80.3767,7.3,FL,PIERCE ST LUCIE CO INTL
220,USW00012896,24.7258,-81.0517,2.4,FL,MARATHON AP
221,USW00012897,26.1522,-81.7753,2.7,FL,NAPLES MUNI AP
222,USW00012904,26.2281,-97.6542,10.4,TX,HARLINGEN RIO GRANDE AP
223,USW00012906,29.6167,-95.1667,11.9,TX,TX HOUSTON ELLINGTON AFB
224,USW00012909,29.3833,-98.5833,207.9,TX,SAN ANTONIO KELLY AFB
225,USW00012911,29.5439,-98.2736,231.6,TX,RANDOLPH AFB
226,USW00012912,28.8614,-96.9303,35.1,TX,TX VICTORIA RGNL AP
227,USW00012916,29.9933,-90.2511,1.2,LA,LA NEW ORLEANS INTL AP
228,USW00012917,29.9506,-94.0206,4.9,TX,PORT ARTHUR SE TX AP
229,USW00012918,29.6381,-95.2819,13.4,TX,TX HOUSTON HOBBY AP
230,USW00012919,25.9156,-97.4186,7.0,TX,TX BROWNSVILLE
231,USW00012921,29.5442,-98.4839,240.5,TX,SAN ANTONIO INTL AP
232,USW00012923,29.2733,-94.8592,1.5,TX,TX GALVESTON SCHOLES FLD
233,USW00012924,27.7839,-97.5108,13.7,TX,TX CORPUS CHRISTI
234,USW00012925,28.3667,-97.6667,60.0,TX,TX BEEVILLE CHASE NAAS
235,USW00012926,27.6833,-97.2833,5.5,TX,CORPUS CHRISTI NAS
236,USW00012928,27.5000,-97.8167,17.1,TX,TX KINGSVILLE NAAS
237,USW00012930,29.9167,-90.1303,6.1,LA,NEW ORLEANS AUDUBON
238,USW00012932,27.7411,-98.0247,52.7,TX,INTL AP
239,USW00012935,28.7247,-96.2536,3.7,TX,PALACIOS MUNI AP
240,USW00012944,29.3000,-94.8000,2.1,TX,TX GALVESTON
241,USW00012947,28.4567,-99.2183,145.1,TX,LA SALLE CO AP
242,USW00012957,26.1658,-97.3458,5.8,TX,PORT ISABEL CAMERON AP
243,USW00012958,29.8167,-90.0167,1.5,LA,LA NEW ORLEANS ALVIN CALLENDER
244,USW00012959,26.1839,-98.2539,30.5,TX,MCALLEN MILLER INTL AP
245,USW00012960,29.9800,-95.3600,29.0,TX,TX HOUSTON INTERCONT AP
246,USW00012962,29.3600,-99.1742,280.4,TX,MUNI AP
247,USW00012968,29.5622,-91.5256,1.2,LA,SALT POINT
248,USW00012970,29.3389,-98.4719,174.0,TX,SAN ANTONIO STINSON AP
249,USW00012971,29.7036,-98.0281,192.9,TX,AUSTIN SAN ANTONIO
250,USW00012972,28.0836,-97.0464,6.7,TX,ROCKPORT ARANSAS CO AP
251,USW00012975,29.5189,-95.2417,13.4,TX,HOUSTON CLOVER FLD
252,USW00012976,29.1097,-95.4619,7.6,TX,TX ANGLETON BRAZORIA AP
253,USW00012977,29.6222,-95.6564,25.0,TX,TX HOUSTON SUGARLAND MEM
254,USW00012987,26.5258,-98.0633,19.5,TX,EDINBURG 17 NNE
255,USW00013301,39.8667,-93.1469,253.9,MO,CHILLICOTHE 22 ENE
256,USW00013701,39.4717,-76.1697,17.4,MD,MD ABERDEEN PHILLIPS FLD
257,USW00013702,37.0833,-76.3500,3.0,VA,VA LANGLEY AFB
258,USW00013705,38.8167,-76.8667,86.0,MD,MD CAMP SPRINGS ANDREWS
259,USW00013707,39.1333,-75.4667,7.0,DE,DOVER AFB
260,USW00013713,35.3444,-77.9647,33.2,NC,GOLDSBORO 4 SE
261,USW00013714,35.1739,-79.0089,66.4,NC,POPE AFB
262,USW00013721,38.3000,-76.4167,11.9,MD,MD PATUXENT RIVER NAS
263,USW00013722,35.8922,-78.7819,126.8,NC,NC RALEIGH DURHAM INTL
264,USW00013723,36.0969,-79.9433,271.3,NC,NC PIEDMONT TRIAD INTL AP
265,USW00013724,39.3792,-74.4242,3.0,NJ,ATLANTIC CITY
266,USW00013728,36.5728,-79.3361,174.0,VA,DANVILLE RGNL AP
267,USW00013729,38.8853,-79.8528,603.2,WV,WV ELKINS RANDOLPH CO AP
268,USW00013733,37.3208,-79.2067,286.5,VA,VA LYNCHBURG RGNL AP
269,USW00013734,39.4019,-77.9844,162.8,WV,E WV RGNL AP
270,USW00013735,39.3667,-75.0667,21.3,NJ,MILLVILLE MUNI AP
271,USW00013736,39.6428,-79.9164,378.0,WV,WV MORGANTOWN HART FLD
272,USW00013737,36.9033,-76.1922,9.1,VA,VA NORFOLK INTL AP
273,USW00013739,39.8683,-75.2311,3.0,PA,PA PHILADELPHIA INTL AP
274,USW00013740,37.5050,-77.3203,50.0,VA,VA RICHMOND INTL AP
275,USW00013741,37.3169,-79.9742,358.1,VA,VA ROANOKE RGNL AP
276,USW00013743,38.8483,-77.0342,3.0,VA,VA WASHINGTON REAGAN AP
277,USW00013744,34.1853,-79.7239,44.5,SC,FLORENCE RGNL AP
278,USW00013745,35.2167,-75.7167,4.6,NC,HATTERAS
279,USW00013748,34.2675,-77.8997,10.1,NC,NC WILMINGTON INTL AP
280,USW00013750,36.9500,-76.2833,5.2,VA,NORFOLK NAS
281,USW00013752,38.9833,-76.4667,2.4,MD,ANNAPOLIS NAF
282,USW00013754,34.9000,-76.8833,8.8,NC,NC CHERRY POINT MCAS
283,USW00013762,36.6950,-76.1356,4.9,VA,FENTRESS NAAS
284,USW00013764,38.6892,-75.3592,15.5,DE,GEORGETOWN SUSSEX CO AP
285,USW00013766,35.9172,-75.7000,4.0,NC,MANTEO AP
286,USW00013769,36.8167,-76.0333,7.0,VA,OCEANA NAS
287,USW00013773,38.5000,-77.3000,3.0,VA,QUANTICO MCAS
288,USW00013776,34.6081,-79.0592,36.9,NC,LUMBERTON MUNI AP
289,USW00013777,39.2833,-76.6167,4.3,MD,MD BALTIMORE CUSTOMS HOUSE
290,USW00013779,39.9500,-75.1500,7.9,PA,PA PHILADELPHIA CITY
291,USW00013781,39.6728,-75.6008,24.1,DE,DE WILMINGTON NEW CASTLE CO
292,USW00013782,32.7800,-79.9319,3.0,SC,SC CHARLESTON CITY
293,USW00013786,36.2606,-76.1750,4.0,NC,NC ELIZABETH CITY CGAS
294,USW00013802,38.5200,-89.8467,137.2,IL,IL BELLEVILLE SIU RSCH
295,USW00013806,36.6667,-87.4833,173.1,KY,KY FT CAMPBELL AAF
296,USW00013807,37.9000,-85.9667,224.0,KY,GODMAN AFBU FT KNOX
297,USW00013809,38.7642,-87.6056,130.8,IL,IL LAWRENCEVILLE INTL AP
298,USW00013810,38.2281,-85.6636,164.6,KY,KY LOUISVILLE BOWMAN FLD
299,USW00013820,30.4167,-88.9167,7.9,MS,BILOXI KEESLER AFB
300,USW00013824,32.0167,-81.1333,17.1,GA,GA SAVANNAH HUNTER FLD
301,USW00013825,33.6500,-88.4500,68.0,MS,COLUMBUS AFB
302,USW00013829,32.3500,-85.0000,88.1,GA,GA FT BENNING LAWSON FLD
303,USW00013833,31.2819,-89.2531,46.0,MS,MS HATTIESBURG CHAIN MUNI
304,USW00013837,33.4669,-82.0386,128.9,GA,AUGUSTA DANIEL FLD AP
305,USW00013838,30.6264,-88.0681,7.9,AL,MOBILE DWTN AP
306,USW00013839,31.3214,-85.4497,112.8,AL,DOTHAN RGNL AP
307,USW00013840,39.8333,-84.0500,250.9,OH,OH WRIGHT PATTERSON AFB
308,USW00013841,39.4203,-83.8217,321.9,OH,OH CINCINNATI
309,USW00013846,30.0667,-85.5833,7.0,FL,FL TYNDALL AFB
310,USW00013849,33.9667,-80.4667,74.1,SC,SC SUMTER SHAW AFB
311,USW00013857,30.9667,-83.2000,73.2,GA,GA VALDOSTA MOODY AFB
312,USW00013858,30.4833,-86.5167,18.0,FL,FL VALPARAISO EGLIN AFB
313,USW00013860,32.6333,-83.6000,92.0,GA,WARNER ROBINS AFB
314,USW00013861,31.2500,-82.4000,42.7,GA,GA WAYCROSS WSMO
315,USW00013865,32.3347,-88.7442,89.6,MS,MS MERIDIAN KEY FLD
316,USW00013866,38.3794,-81.5900,277.4,WV,WV CHARLESTON YEAGER AP
317,USW00013867,39.2811,-81.5572,189.0,WV,WV PARKERSBURG
318,USW00013869,31.5356,-84.1944,57.9,GA,ALBANY SW GA RGNL AP
319,USW00013870,31.5358,-82.5067,58.8,GA,ALMA BACON CO AP
320,USW00013871,33.5872,-85.8556,181.1,AL,ANNISTON METRO AP
321,USW00013872,35.5953,-82.5567,682.1,NC,NC ASHEVILLE
322,USW00013873,33.9481,-83.3275,239.3,GA,ATHENS BEN EPPS AP
323,USW00013874,33.6300,-84.4417,307.8,GA,GA ATLANTA HARTSFIELD INTL
324,USW00013876,33.5656,-86.7450,187.5,AL,AL BIRMINGHAM AP
325,USW00013877,36.4731,-82.4044,457.2,TN,TN BRISTOL TRI CITY AP
326,USW00013878,31.1522,-81.3908,4.9,GA,GA BRUNSWICK MALCOLM MCKINNON
327,USW00013880,32.8986,-80.0403,12.2,SC,SC CHARLESTON INTL AP
328,USW00013881,35.2236,-80.9553,221.9,NC,NC CHARLOTTE DOUGLAS AP
329,USW00013882,35.0311,-85.2014,204.5,TN,TN CHATTANOOGA LOVELL
330,USW00013883,33.9486,-81.1186,70.4,SC,SC COLUMBIA
331,USW00013884,30.7797,-86.5225,57.9,FL,CRESTVIEW BOB SIKES AP
332,USW00013886,34.8461,-82.3461,319.4,SC,GREENVILLE DWTN AP
333,USW00013889,30.4844,-81.7019,10.1,FL,FL JACKSONVILLE
334,USW00013891,35.8181,-83.9858,293.2,TN,TN KNOXVILLE MCGHEE TYSON
335,USW00013893,35.0564,-89.9864,77.4,TN,TN MEMPHIS INTL AP
336,USW00013894,30.6794,-88.2397,63.4,AL,AL MOBILE
337,USW00013895,32.2997,-86.4075,61.6,AL,AL MONTGOMERY AP
338,USW00013896,34.7442,-87.5997,164.6,AL,MUSCLE SHOALS RGNL AP
339,USW00013897,36.1189,-86.6892,182.9,TN,TN NASHVILLE INTL AP
340,USW00013899,30.4781,-87.1869,34.1,FL,FL PENSACOLA RGNL AP
341,USW00013904,30.1831,-97.6800,146.3,TX,TX AUSTIN BERGSTROM AP
342,USW00013911,32.7667,-97.4500,185.3,TX,WORTH NAS
343,USW00013919,35.4167,-97.3833,384.0,OK,OK OKLAHOMA CITY TINKER
344,USW00013920,38.9503,-95.6639,325.2,KS,TOPEKA FORBES FLD
345,USW00013927,32.3367,-90.2214,104.2,MS,MS JACKSON HAWKINS FLD
346,USW00013930,38.7167,-93.5500,255.1,MO,WHITEMAN AFB
347,USW00013932,37.1681,-97.0369,350.5,KS,KS WINFIELD STROTHER FLD AP
348,USW00013935,31.3928,-92.2956,34.1,LA,LA ALEXANDRIA ESLER RGNL AP
349,USW00013939,33.4825,-90.9853,39.0,MS,MS GREENVILLE ASOS
350,USW00013942,32.5156,-92.0406,24.1,LA,MONROE RGNL AP
351,USW00013944,32.5000,-93.6667,53.9,LA,LA SHREVEPORT BARKSDALE AFB
352,USW00013957,32.4506,-93.8411,83.2,LA,LA SHREVEPORT
353,USW00013958,30.3208,-97.7603,204.2,TX,TX AUSTIN-CAMP MABRY
354,USW00013959,31.6189,-97.2283,152.4,TX,WACO RGNL AP
355,USW00013960,32.8519,-96.8556,134.1,TX,TX DALLAS LOVE FLD
356,USW00013961,32.8192,-97.3614,209.4,TX,TX FT WORTH MEACHAM FLD
357,USW00013962,32.4106,-99.6822,545.6,TX,TX ABILENE RGNL AP
358,USW00013963,34.7272,-92.2389,78.6,AR,LITTLE ROCK AP ADAMS FLD
359,USW00013964,35.3331,-94.3625,136.9,AR,AR FT SMITH RGNL AP
360,USW00013966,33.9786,-98.4928,310.0,TX,TX WICHITA FALLS MUNI AP
361,USW00013967,35.3889,-97.6006,391.7,OK,OK OKLAHOMA CITY WILL
362,USW00013968,36.1994,-95.8872,198.1,OK,TULSA INTL AP
363,USW00013969,36.7367,-97.1019,304.8,OK,PONCA CITY MUNI AP
364,USW00013970,30.5372,-91.1469,19.5,LA,ROUGE RYAN AP
365,USW00013971,36.2667,-93.1567,418.8,AR,AR HARRISON BOONE CO AP
366,USW00013972,32.3542,-95.4025,165.8,TX,TYLER POUNDS FLD
367,USW00013973,30.5108,-99.7664,533.1,TX,TX JUNCTION KIMBLE CO AP
368,USW00013975,36.2967,-99.7689,667.8,OK,GAGE AP
369,USW00013976,30.2050,-91.9875,11.6,LA,LAFAYETTE RGNL AP
370,USW00013977,33.4536,-94.0075,110.0,AR,TEXARKANA WEBB FLD
371,USW00013978,33.4964,-90.0867,40.5,MS,MS GREENWOOD LEFLORE AP
372,USW00013980,37.1550,-98.0283,408.4,KS,ANTHONY
373,USW00013981,37.6703,-95.4842,300.2,KS,KS CHANUTE MARTIN JOHNSON AP
374,USW00013984,39.5514,-97.6508,447.8,KS,KS CONCORDIA MUNI AP
375,USW00013985,37.7608,-99.9683,789.4,KS,KS DODGE CITY
376,USW00013986,38.0653,-97.8606,470.3,KS,HUTCHINSON MUNI AP
377,USW00013987,37.1467,-94.5022,298.7,MO,MO JOPLIN REGIONAL AIRPORT
378,USW00013988,39.1208,-94.5969,226.2,MO,KANSAS CITY DOWNTOWN AP
379,USW00013989,38.3306,-96.1897,368.5,KS,EMPORIA MUNI AP
380,USW00013991,39.1342,-93.2225,240.8,MO,MARSHALL
381,USW00013993,39.7736,-94.9233,249.3,MO,MO ST JOSEPH ROSECRANS AP
382,USW00013994,38.7525,-90.3736,161.8,MO,MO ST LOUIS LAMBERT INTL
383,USW00013995,37.2353,-93.4003,389.5,MO,MO SPRINGFIELD
384,USW00013996,39.0725,-95.6261,267.0,KS,KS TOPEKA MUNI AP
385,USW00013997,38.1311,-91.7683,343.5,MO,MO VICHY ROLLA NATIONAL AP
386,USW00014605,44.3206,-69.7972,106.7,ME,AUGUSTA STATE AP
387,USW00014606,44.7978,-68.8186,45.1,ME,ME BANGOR INTL AP
388,USW00014607,46.8706,-68.0172,190.2,ME,ME CARIBOU MUNI AP
389,USW00014609,46.1236,-67.7928,145.1,ME,HOULTON INTL AP
390,USW00014610,45.6478,-68.6925,123.7,ME,ME MILLINOCKET MUNI AP
391,USW00014611,43.9000,-69.9333,21.3,ME,ME BRUNSWICK NAS
392,USW00014702,42.4700,-71.2894,40.5,MA,MA BEDFORD HANSCOM FLD
393,USW00014706,40.0167,-74.6000,45.1,NJ,MCGUIRE AFB
394,USW00014707,41.3275,-72.0494,3.0,CT,GROTON NEW LONDON AP
395,USW00014710,42.9333,-71.4383,68.6,NH,MANCHESTER AP
396,USW00014711,40.1936,-76.7633,95.1,PA,PA MIDDLETOWN HARRISBURG
397,USW00014712,40.3667,-75.9667,103.9,PA,READING SPAATZ FLD
398,USW00014715,44.0500,-75.7333,214.0,NY,NY WHEELER SACK FLD AAF
399,USW00014717,43.2333,-75.4000,158.2,NY,GRIFFISS AFB
400,USW00014719,40.8436,-72.6322,20.4,NY,NY WESTHAMPTN GABRESKI AP
401,USW00014732,40.7794,-73.8803,3.4,NY,NY NEW YORK LAGUARDIA AP
402,USW00014733,42.9486,-78.7369,211.2,NY,NY BUFFALO
403,USW00014734,40.6825,-74.1694,2.1,NJ,NJ NEWARK INTL AP
404,USW00014735,42.7431,-73.8092,95.1,NY,ALBANY AP
405,USW00014736,40.2964,-78.3203,451.1,PA,ALTOONA BLAIR CO AP
406,USW00014737,40.6508,-75.4492,118.9,PA,PA ALLENTOWN INTL AP
407,USW00014739,42.3606,-71.0106,3.7,MA,MA BOSTON LOGAN INTL AP
408,USW00014740,41.9381,-72.6825,57.9,CT,CT HARTFORD BRADLEY INTL
409,USW00014742,44.4683,-73.1500,100.6,VT,VT BURLINGTON INTL AP
410,USW00014743,44.5772,-75.1097,136.6,NY,CANTON 4 SE
411,USW00014745,43.1953,-71.5011,105.5,NH,NH CONCORD MUNI AP
412,USW00014747,42.4933,-79.2722,203.0,NY,NY DUNKIRK CHAUTAUQUA AP
413,USW00014748,42.1594,-76.8919,291.1,NY,ELMIRA CORNING RGNL AP
414,USW00014750,43.3500,-73.6167,97.8,NY,NY GLENS FALLS AP
415,USW00014751,40.2172,-76.8514,103.6,PA,PA HARRISBURG CPTL CY AP
416,USW00014752,41.7361,-72.6506,5.8,CT,CT HARTFORD BRAINARD FLD
417,USW00014753,42.2122,-71.1136,190.5,MA,BLUE HILL
418,USW00014754,41.1386,-75.2225,584.0,PA,TOBYHANNA POCONO MTN AP
419,USW00014755,44.2667,-71.2994,1910.2,NH,NH MT WASHINGTON
420,USW00014756,41.2531,-70.0608,13.7,MA,NANTUCKET MEM AP
421,USW00014757,41.6267,-73.8842,50.6,NY,NY POUGHKEEPSIE DUTCHESS CO AP
422,USW00014758,41.2639,-72.8872,0.9,CT,HAVEN TWEED AP
423,USW00014761,40.9167,-78.0667,592.8,PA,PHILIPSBURG 8 E
424,USW00014762,40.3547,-79.9217,380.4,PA,PA PITTSBURGH ALLEGHENY CO AP
425,USW00014763,42.4272,-73.2892,363.9,MA,PITTSFIELD MUNI AP
426,USW00014764,43.6497,-70.3003,13.7,ME,ME PORTLAND INTL JETPORT
427,USW00014765,41.7219,-71.4325,18.3,RI,PROVIDENCE T F GREEN AP
428,USW00014768,43.1167,-77.6767,162.5,NY,NY ROCHESTER GTR INTL AP
429,USW00014770,40.8206,-76.8642,135.3,PA,SELINSGROVE PENN VLY AP
430,USW00014771,43.1111,-76.1039,125.9,NY,NY SYRACUSE HANCOCK INTL AP
431,USW00014775,42.1578,-72.7161,82.6,MA,MA WESTFIELD BARNES MUNI AP
432,USW00014777,41.3336,-75.7269,283.5,PA,PA WILKES-BARRE INTL AP
433,USW00014778,41.2433,-76.9217,158.5,PA,PA WILLIAMSPORT
434,USW00014787,41.5333,-71.2833,52.4,RI,NEWPORT STATE AP
435,USW00014790,42.1500,-70.9333,47.9,MA,SOUTH WEYMOUTH NAS
436,USW00014792,40.2769,-74.8158,56.1,NJ,TRENTON MERCER CO AP
437,USW00014793,40.2000,-75.1500,110.0,PA,WILLOW GROVE NAS
438,USW00014794,41.3497,-71.7989,24.7,RI,WESTERLY STATE AP
439,USW00014804,42.6083,-82.8183,176.8,MI,CLEMENS ANG BASE
440,USW00014806,40.3131,-88.1594,225.6,IL,RANTOUL
441,USW00014813,41.0375,-81.4642,318.2,OH,AKRON FULTON INTL AP
442,USW00014814,45.0606,-83.4281,179.8,MI,ALPENA WWTP
443,USW00014815,42.3075,-85.2511,282.9,MI,BATTLE CREEK KELLOGG AP
444,USW00014817,44.2656,-85.3967,394.7,MI,CADILLAC
445,USW00014819,41.7861,-87.7522,186.5,IL,IL CHICAGO MIDWAY AP
446,USW00014820,41.4131,-81.8600,232.6,OH,OH CLEVELAND
447,USW00014821,39.9914,-82.8808,246.9,OH,OH COLUMBUS PORT COLUMBUS
448,USW00014822,42.4092,-83.0100,190.8,MI,DETROIT CITY AP
449,USW00014824,45.7181,-87.0939,179.8,MI,MI ESCANABA
450,USW00014825,41.0136,-83.6686,243.8,OH,FINDLAY AP
451,USW00014826,42.9667,-83.7494,234.7,MI,MI FLINT BISHOP INTL AP
452,USW00014827,40.9706,-85.2064,241.1,IN,FT WAYNE INTL AP
453,USW00014828,43.9758,-84.4908,236.2,MI,GLADWIN
454,USW00014829,41.5272,-85.7922,252.1,IN,GOSHEN MUNI AP
455,USW00014833,42.2667,-84.4667,304.2,MI,MI JACKSON REYNOLDS FLD
456,USW00014835,40.4122,-86.9369,182.6,IN,IN LAFAYETTE PURDUE UNIV AP
457,USW00014836,42.7803,-84.5789,256.3,MI,MI LANSING CAPITAL CITY AP
458,USW00014837,43.1406,-89.3453,264.0,WI,WI MADISON DANE RGNL AP
459,USW00014838,46.5458,-87.3794,202.7,MI,MI MARQUETTE
460,USW00014839,42.9550,-87.9044,204.2,WI,WI MILWAUKEE MITCHELL AP
461,USW00014840,43.1711,-86.2367,190.5,MI,MI MUSKEGON CO AP
462,USW00014841,45.5644,-84.7928,214.9,MI,PELLSTON RGNL AP
463,USW00014842,40.6675,-89.6839,198.1,IL,IL PEORIA GTR PEORIA AP
464,USW00014845,43.5331,-84.0797,201.2,MI,SAGINAW MBS INTL AP
465,USW00014846,41.4500,-82.7167,178.0,OH,SANDUSKY
466,USW00014847,46.4794,-84.3572,220.1,MI,MI SAULT STE MARIE
467,USW00014848,41.7072,-86.3164,235.6,IN,IN SOUTH BEND MICHIANA RGNL
468,USW00014850,44.7408,-85.5825,188.4,MI,TRAVERSE CITY CHERRY CPTL AP
469,USW00014852,41.2544,-80.6739,359.7,OH,OH YOUNGSTOWN RGNL AP
470,USW00014853,42.2333,-83.5333,236.8,MI,DETROIT WILLOW RUN AP
471,USW00014855,42.0833,-87.8333,196.9,IL,GLENVIEW NAS
472,USW00014858,47.1686,-88.4889,333.8,MI,MI HANCOCK HOUGHTON CO AP
473,USW00014859,46.6667,-85.9500,190.2,MI,MARAIS 2 E
474,USW00014860,42.0800,-80.1825,222.5,PA,ERIE INTL AP
475,USW00014880,42.4167,-87.8667,221.6,IL,IL CHICAGO WAUKEGAN RGNL AP
476,USW00014891,40.8203,-82.5178,394.7,OH,OH MANSFIELD LAHM MUNI AP
477,USW00014892,41.7833,-87.6000,181.1,IL,CHICAGO UNIV
478,USW00014894,40.1764,-80.6472,359.4,WV,WHEELING OHIO CO AP
479,USW00014895,40.9167,-81.4333,368.2,OH,OH AKRON CANTON RGNL AP
480,USW00014897,44.9258,-89.6256,360.0,WI,WI WAUSAU DWTN AP
481,USW00014898,44.4983,-88.1111,207.9,WI,WI GREEN BAY
482,USW00014910,45.8678,-95.3942,431.6,MN,ALEXANDRIA MUNI AP
483,USW00014912,48.1069,-98.8681,446.2,ND,DEVILS LAKE KDLR
484,USW00014913,46.8369,-92.2097,435.3,MN,MN DULUTH
485,USW00014914,46.9253,-96.8111,274.3,ND,ND FARGO HECTOR INTL AP
486,USW00014916,47.9428,-97.1839,256.6,ND,ND GRAND FORKS INTL AP
487,USW00014918,48.5614,-93.3981,360.6,MN,INTL FALLS INTL AP
488,USW00014919,46.9258,-98.6692,455.4,ND,JAMESTOWN MUNI AP
489,USW00014920,43.8789,-91.2528,198.7,WI,LA CROSSE MUNI AP
490,USW00014921,43.2119,-90.1814,218.5,WI,ROCK TRI CO AP
491,USW00014922,44.8831,-93.2289,265.8,MN,MN MINNEAPOLIS/ST PAUL AP
492,USW00014923,41.4653,-90.5233,180.4,IL,IL MOLINE QUAD CITY INTL
493,USW00014924,48.9711,-97.2417,240.8,ND,PEMBINA
494,USW00014925,43.9042,-92.4917,397.5,MN,MN ROCHESTER INTL AP
495,USW00014926,45.5433,-94.0514,310.3,MN,ST CLOUD RGNL AP
496,USW00014927,44.9319,-93.0556,213.4,MN,ST PAUL DOWNTOWN AP
497,USW00014929,45.4558,-98.4131,396.8,SD,SD ABERDEEN
498,USW00014931,40.7833,-91.1253,210.9,IA,IA BURLINGTON MUNI AP
499,USW00014933,41.5339,-93.6531,291.7,IA,IA DES MOINES INTL AP
500,USW00014935,40.9611,-98.3136,560.8,NE,NE GRAND ISLAND AP
501,USW00014936,44.3981,-98.2231,390.1,SD,SD HURON RGNL AP
502,USW00014937,41.6328,-91.5431,198.1,IA,CITY MUNI AP
503,USW00014938,40.0972,-92.5433,294.4,MO,KIRKSVILLE RGNL AP
504,USW00014939,40.8508,-96.7475,362.7,NE,NE LINCOLN MUNI AP
505,USW00014940,43.1544,-93.3269,373.4,IA,CITY MUNI AP
506,USW00014941,41.9856,-97.4353,472.7,NE,NE NORFOLK KARL STEFAN
507,USW00014942,41.3103,-95.8992,299.3,NE,NE OMAHA EPPLEY AIRFIELD
508,USW00014943,42.3914,-96.3792,333.8,IA,IA SIOUX CITY GATEWAY AP
509,USW00014944,43.5878,-96.7289,435.9,SD,SD SIOUX FALLS
510,USW00014945,40.4344,-95.3883,318.5,MO,TARKIO
511,USW00014946,44.9047,-97.1494,532.8,SD,WATERTOWN RGNL AP
512,USW00014949,41.1167,-95.9167,319.1,NE,NE BELLEVUE OFFUTT AFB
513,USW00014950,41.1078,-92.4467,256.6,IA,IA OTTUMWA INDUSTRIAL AP
514,USW00014971,40.8233,-96.7025,353.6,NE,LINCOLN UNIV PWR PLT
515,USW00014972,43.1644,-95.2017,407.8,IA,IA SPENCER MUNI AP
516,USW00014990,41.8833,-91.7167,264.6,IA,IA CEDAR RAPIDS MUNI AP
517,USW00014991,44.8664,-91.4878,269.7,WI,CLAIRE RGNL AP
518,USW00014992,44.5483,-95.0803,311.2,MN,REDWOOD FALLS MUNI AP
519,USW00014995,45.7728,-92.6886,301.8,WI,WI GRANTSBURG
520,USW00021504,19.7192,-155.0531,11.6,HI,HI HILO INTL AP
521,USW00021510,19.7356,-156.0489,13.1,HI,KAILUA KONA KE-AHOLE AP
522,USW00021514,19.5353,-155.5761,3407.4,HI,LOA 5 NNE
523,USW00021515,19.6450,-155.0828,189.6,HI,S
524,USW00022001,29.3667,-100.7833,327.1,TX,DEL RIO LAUGHLIN AFB
525,USW00022010,29.3783,-100.9269,304.5,TX,DEL RIO INTL AP
526,USW00022016,29.3483,-103.2092,1065.0,TX,PANTHER JUNCTION 2 N
527,USW00022501,22.0333,-159.7833,4.0,HI,HI BARKING SANDS
528,USW00022514,21.3167,-158.0667,15.2,HI,HI BARBERS POINT NAS
529,USW00022516,20.8997,-156.4286,15.5,HI,HI KAHULUI AP
530,USW00022519,21.4500,-157.7833,3.0,HI,HI KANEOHE BAY MCAS
531,USW00022521,21.3239,-157.9294,2.1,HI,HI HONOLULU INTL AP
532,USW00022534,21.1544,-157.0961,135.0,HI,HI MOLOKAI AP
533,USW00022536,21.9839,-159.3405,30.5,HI,HI LIHUE WSO AP 1020.1
534,USW00022551,21.3167,-158.0667,16.5,HI,HI EWA KALAELOA AP
535,USW00023002,32.8500,-106.1000,1267.4,NM,NM HOLLOMAN AFB
536,USW00023007,34.4272,-100.2831,594.7,TX,TX CHILDRESS MUNI AP
537,USW00023008,34.3833,-103.3167,1309.1,NM,CLOVIS CANNON AFB
538,USW00023009,33.3075,-104.5083,1112.2,NM,ROSWELL IND AIR PK
539,USW00023023,31.9433,-102.1889,874.2,TX,TX MIDLAND ODESSA
540,USW00023034,31.3711,-100.4922,576.1,TX,TX SAN ANGELO
541,USW00023036,39.7167,-104.7500,1726.1,CO,AURORA BUCKLEY FLD ANGB
542,USW00023040,31.7800,-103.2017,855.6,TX,CO AP
543,USW00023041,32.2442,-101.4536,765.0,TX,BIG SPRING
544,USW00023042,33.6542,-101.8136,993.3,TX,TX LUBBOCK
545,USW00023044,31.8111,-106.3758,1194.2,TX,PASO INTL AP
546,USW00023047,35.2333,-101.7089,1093.3,TX,TX AMARILLO
547,USW00023048,35.1822,-103.6031,1239.0,NM,TUCUMCARI MUNI AP
548,USW00023049,35.6169,-106.0889,1933.7,NM,FE CO MUNI AP
549,USW00023050,35.0419,-106.6156,1618.5,NM,NM ALBUQUERQUE INTL AP
550,USW00023051,36.4486,-103.1539,1511.8,NM,CLAYTON MUNI AIR PK
551,USW00023052,36.7414,-104.5022,1935.2,NM,RATON MUNI CREWS AP
552,USW00023054,35.6542,-105.1419,2095.2,NM,VEGAS MUNI AP
553,USW00023055,31.8311,-104.8089,1663.0,TX,TX PINE SPRINGS NP
554,USW00023058,31.8297,-107.6389,1239.0,NM,COLUMBUS
555,USW00023061,37.4389,-105.8614,2296.1,CO,CO ALAMOSA SAN LUIS AP
556,USW00023062,39.7633,-104.8694,1611.2,CO,CO DENVER-STAPLETON
557,USW00023063,39.6500,-106.9167,1980.3,CO,FAA AP
558,USW00023064,37.9272,-100.7247,878.4,KS,GARDEN CITY RGNL AP
559,USW00023065,39.3669,-101.7000,1112.8,KS,KS GOODLAND
560,USW00023066,39.1342,-108.5400,1480.7,CO,CO GRAND JUNCTION WALKER
561,USW00023067,38.0494,-103.5122,1278.3,CO,JUNTA MUNI AP
562,USW00023070,37.2622,-104.3378,1749.9,CO,CO TRINIDAD PERRY STOKES AP
563,USW00023072,34.9325,-100.8903,823.0,TX,TX CLARENDON
564,USW00023078,32.2622,-107.7206,1310.9,NM,DEMING MUNI AP
565,USW00023081,35.5144,-108.7939,1972.4,NM,GALLUP MUNI AP
566,USW00023090,36.7436,-108.2292,1674.9,NM,FARMINGTON RGNL AP
567,USW00023091,30.9119,-102.9167,917.4,TX,FT STOCKTON PECOS AP
568,USW00023109,32.1667,-110.8833,808.9,AZ,DAVIS MONTHAN AFB
569,USW00023110,36.3333,-119.9500,70.7,CA,CA LEMOORE REEVES NAS
570,USW00023112,36.2500,-115.0333,573.0,NV,LAS VEGAS NELLIS AFB
571,USW00023119,33.9000,-117.2500,462.1,CA,CA MARCH AFB
572,USW00023129,33.8117,-118.1464,9.4,CA,CA LONG BEACH DAUGHERTY
573,USW00023130,34.2097,-118.4892,234.7,CA,NUYS AP
574,USW00023136,34.2167,-119.0833,23.5,CA,CAMARILLO AP
575,USW00023152,34.2006,-118.3575,225.9,CA,CA BURBANK GLENDALE PASADENA
576,USW00023153,38.0511,-117.0903,1644.4,NV,TONOPAH
577,USW00023154,39.2953,-114.8467,1908.7,NV,NV ELY YELLAND FLD AP
578,USW00023155,35.4344,-119.0542,149.0,CA,CA BAKERSFIELD AP
579,USW00023156,33.9286,-116.9814,789.7,CA,BEAUMONT #2
580,USW00023157,37.3711,-118.3581,1250.3,CA,CA BISHOP AP
581,USW00023158,33.6186,-114.7142,120.4,CA,BLYTHE AP
582,USW00023159,37.7064,-112.1456,2312.2,UT,BRYCE CANYON AP
583,USW00023160,32.1314,-110.9553,776.9,AZ,AZ TUCSON INTL AP
584,USW00023161,34.8536,-116.7858,584.3,CA,BARSTOW DAGGETT AP
585,USW00023162,39.3375,-112.5858,1408.2,UT,UT DELTA
586,USW00023169,36.0719,-115.1633,649.5,NV,NV LAS VEGAS MCCARRAN
587,USW00023170,38.3706,-110.7153,1313.1,UT,UT HANKSVILLE
588,USW00023174,33.9381,-118.3889,29.6,CA,CA LOS ANGELES INTL AP
589,USW00023176,38.4167,-113.0167,1536.2,UT,UT MILFORD MUNI AP
590,USW00023177,37.7981,-113.9256,1664.2,UT,MODENA
591,USW00023179,34.7675,-114.6189,271.3,CA,NEEDLES AP
592,USW00023182,34.6294,-118.0836,769.3,CA,CA PALMDALE AP
593,USW00023183,33.4278,-112.0039,337.4,AZ,AZ PHOENIX SKY HARBOR
594,USW00023184,34.6517,-112.4208,1536.8,AZ,PRESCOTT LOVE FLD
595,USW00023185,39.4839,-119.7711,1344.2,NV,RENO TAHOE INTL AP
596,USW00023187,34.7436,-118.7242,1374.6,CA,CA SANDBERG
597,USW00023188,32.7336,-117.1831,4.6,CA,CA SAN DIEGO LINDBERGH
598,USW00023190,34.4258,-119.8425,2.7,CA,CA SANTA BARBARA MUNI AP
599,USW00023191,33.4050,-118.4158,488.3,CA,CA AVALON CATALINA AP
600,USW00023194,35.0281,-110.7208,1489.3,AZ,AZ WINSLOW MUNI AP
601,USW00023195,32.6667,-114.6000,62.8,AZ,YUMA WSO AP
602,USW00023199,32.8167,-115.6833,-12.8,CA,EL CENTRO NAF
603,USW00023202,38.2667,-121.9333,18.0,CA,CA TRAVIS AFB
604,USW00023213,38.5039,-122.8103,34.7,CA,ROSA SONOMA CO AP
605,USW00023225,39.2775,-120.7103,1608.1,CA,BLUE CANYON AP
606,USW00023230,37.7214,-122.2208,1.8,CA,CA OAKLAND METRO INTL AP
607,USW00023232,38.5069,-121.4950,4.6,CA,CA SACRAMENTO EXECUTIVE
608,USW00023233,36.6636,-121.6081,22.6,CA,CA SALINAS MUNICIPAL AP
609,USW00023234,37.6197,-122.3647,2.4,CA,CA SAN FRANCISCO INTL AP
610,USW00023237,37.8892,-121.2258,7.9,CA,CA STOCKTON METRO AP
611,USW00023239,37.7333,-122.3167,4.9,CA,CA ALAMEDA NAS
612,USW00023244,37.4058,-122.0481,11.9,CA,CA MOFFETT FEDERAL
613,USW00023254,37.9917,-122.0550,5.5,CA,CA CONCORD BUCHANAN FLD
614,USW00023257,37.2847,-120.5128,46.3,CA,MERCED MUNI AP
615,USW00023258,37.6242,-120.9506,22.3,CA,CITY CO AP
616,USW00023259,36.5881,-121.8453,50.3,CA,CA MONTEREY PENINSUL AP
617,USW00023271,38.5556,-121.4169,11.6,CA,SACRAMENTO 5 ESE
618,USW00023272,37.7706,-122.4269,45.7,CA,SAN FRANCISCO DWTN
619,USW00023273,34.8994,-120.4486,73.8,CA,CA SANTA MARIA PUBLIC AP
620,USW00023275,39.1258,-123.2008,183.2,CA,MUNI AP
621,USW00023277,36.9358,-121.7886,48.8,CA,CA WATSONVILLE MUNI AP
622,USW00023285,37.6928,-121.8144,119.8,CA,LIVERMORE MUNI AP
623,USW00023293,37.3592,-121.9239,15.5,CA,JOSE
624,USW00023801,31.7900,-86.0003,143.9,AL,W
625,USW00023802,31.8814,-87.7367,106.7,AL,THOMASVILLE 2 S
626,USW00023803,34.8222,-89.4347,147.5,MS,SPRINGS 4 N
627,USW00023904,35.8200,-91.7811,138.7,AR,BATESVILLE 8 WNW
628,USW00023906,28.3044,-96.8231,4.6,TX,PORT ARANSAS 32 NNE
629,USW00023907,30.6222,-98.0847,414.8,TX,AUSTIN 33 NW
630,USW00023908,37.4278,-94.5828,290.2,MO,JOPLIN 24 N
631,USW00023909,37.6344,-91.7225,365.2,MO,SALEM 10 W
632,USW00024006,44.1500,-103.1000,979.9,SD,ELLSWORTH AFB
633,USW00024011,46.7708,-100.7603,505.4,ND,ND BISMARCK
634,USW00024012,46.7994,-102.7972,786.4,ND,ND THEODORE ROOSEVELT AP
635,USW00024013,48.2553,-101.2733,507.5,ND,INTL AP
636,USW00024015,40.1667,-103.2167,1421.3,CO,AKRON WASHINGTON CO AP
637,USW00024017,42.8375,-103.0953,1011.3,NE,CHADRON MUNI AP
638,USW00024018,41.1519,-104.8061,1867.8,WY,WY CHEYENNE
639,USW00024020,40.5233,-101.0344,928.1,NE,HAYES CENTER 1NW
640,USW00024021,42.8153,-108.7261,1704.4,WY,WY LANDER HUNT FLD AP
641,USW00024022,41.3119,-105.6747,2214.7,WY,LARAMIE RGNL AP
642,USW00024023,41.1214,-100.6694,846.7,NE,NE NORTH PLATTE RGNL AP
643,USW00024024,44.0511,-101.6011,672.4,SD,PHILIP AP
644,USW00024025,44.3814,-100.2856,531.0,SD,PIERRE RGNL AP
645,USW00024027,41.5944,-109.0528,2054.7,WY,WY ROCK SPRINGS AP
646,USW00024028,41.8706,-103.5931,1202.4,NE,NE SCOTTSBLUFF HEILIG AP
647,USW00024029,44.7694,-106.9689,1202.4,WY,WY SHERIDAN CO AP
648,USW00024030,41.1014,-102.9847,1313.4,NE,NE SIDNEY MUNI AP
649,USW00024032,42.8783,-100.5500,789.4,NE,NE VALENTINE MILLER FLD
650,USW00024033,45.8069,-108.5422,1091.5,MT,MT BILLINGS LOGAN INTL AP
651,USW00024036,47.0492,-109.4578,1263.4,MT,LEWISTOWN MUNI AP
652,USW00024037,46.4267,-105.8825,799.8,MT,MILES CITY F WILEY FLD
653,USW00024044,42.0572,-102.8000,1196.0,NE,ALLIANCE MUNI AP
654,USW00024046,40.4953,-107.5211,1885.5,CO,CRAIG MOFFAT CO AP
655,USW00024048,44.5169,-108.0822,1198.8,WY,S BIG HORN AP
656,USW00024057,41.8056,-107.1997,2053.1,WY,WY RAWLINS MUNI AP
657,USW00024061,43.0661,-108.4767,1697.1,WY,RIVERTON
658,USW00024062,43.9658,-107.9508,1271.6,WY,WORLAND
659,USW00024088,44.2169,-104.9292,1318.3,WY,MOORCROFT 3S
660,USW00024089,42.8975,-106.4636,1627.0,WY,WY CASPER NATRONA CO AP
661,USW00024090,44.0433,-103.0536,963.2,SD,RAPID CITY RGNL AP
662,USW00024091,40.5100,-101.6200,996.1,NE,IMPERIAL MUNI AP
663,USW00024101,41.1167,-111.9667,1459.1,UT,OGDEN HILL AFB
664,USW00024106,43.0500,-115.8667,912.0,ID,HOME AFB
665,USW00024110,47.2078,-119.3192,364.5,WA,LAKE GRANT CO AP
666,USW00024112,47.5167,-111.1833,1058.3,MT,MALMSTROM AFB
667,USW00024114,47.6333,-117.6500,743.1,WA,FAIRCHILD AFB
668,USW00024119,40.6117,-116.8917,1373.1,NV,BATTLE MOUNTAIN 4SE
669,USW00024120,40.9139,-111.3983,1691.6,UT,UT COALVILLE
670,USW00024121,40.8289,-115.7886,1533.1,NV,RGNL AP
671,USW00024126,41.1961,-112.0114,1362.5,UT,UT OGDEN HINKLEY AP
672,USW00024127,40.7781,-111.9694,1287.8,UT,SALT LAKE CITY INTL AP
673,USW00024128,40.9017,-117.8081,1309.4,NV,NV WINNEMUCCA MUNI AP
674,USW00024130,44.8428,-117.8086,1024.4,OR,CITY MUNI AP
675,USW00024131,43.5667,-116.2406,857.7,ID,ID BOISE AIR TERMINAL
676,USW00024132,45.7881,-111.1608,1349.3,MT,MT BOZEMAN GALLATIN FLD
677,USW00024133,42.5417,-113.7661,1262.5,ID,BURLEY MUNI AP
678,USW00024135,45.9647,-112.5006,1678.2,MT,MT BUTTE BERT MOONEY AP
679,USW00024137,48.6033,-112.3753,1169.8,MT,CUT BANK MUNI AP
680,USW00024138,45.2575,-112.5545,1585.0,MT,MT DILLON AP
681,USW00024139,46.6383,-113.1761,1219.2,MT,MT DRUMMOND AVIATION
682,USW00024141,47.3078,-119.5153,381.6,WA,WA EPHRATA MUNI AP
683,USW00024143,47.4733,-111.3822,1116.8,MT,GREAT FALLS INTL AP
684,USW00024144,46.6056,-111.9636,1166.8,MT,HELENA RGNL AP
685,USW00024145,43.5164,-112.0672,1441.4,ID,IDAHO FALLS FANNING FLD
686,USW00024148,45.2833,-118.0167,825.1,OR,GRANDE 6 SE
687,USW00024149,46.3747,-117.0156,437.7,ID,LEWISTON NEZ PERCE CO AP
688,USW00024150,45.6983,-110.4408,1415.2,MT,MT LIVINGSTON MISSION FLD
689,USW00024151,42.1492,-112.2872,1362.5,ID,MALAD CITY
690,USW00024152,45.5114,-118.4247,1134.8,OR,MEACHAM
691,USW00024153,46.9208,-114.0925,972.9,MT,MT MISSOULA INTL AP
692,USW00024154,47.4569,-115.6450,1837.3,ID,ID MULLAN PASS VOR/DME
693,USW00024155,45.6906,-118.8528,461.8,OR,OR PENDLETON
694,USW00024156,42.9203,-112.5711,1364.9,ID,ID POCATELLO RGNL AP
695,USW00024157,47.6217,-117.5281,717.2,WA,WA SPOKANE INTL AP
696,USW00024159,47.1928,-114.8903,826.0,MT,SUPERIOR
697,USW00024160,46.0947,-118.2869,355.4,WA,WALLA RGNL AP
698,USW00024162,44.0206,-117.0128,667.5,OR,ONTARIO MUNI AP
699,USW00024163,46.2667,-119.1167,124.1,WA,PASCO TRI CITIES AP
700,USW00024164,42.5844,-110.1075,2124.5,WY,WY BIG PINEY MARBLETON AP
701,USW00024172,40.0681,-118.5692,1189.3,NV,LOVELOCK DERBY FLD
702,USW00024193,40.7206,-114.0358,1291.4,UT,UT WENDOVER AP AWOS
703,USW00024201,47.0833,-122.5833,89.9,WA,GRAY AAF
704,USW00024207,47.1500,-122.4833,88.1,WA,WA TACOMA MCCHORD AFB
705,USW00024213,40.8097,-124.1603,6.1,CA,CA EUREKA WFO WOODLEY ISLAND
706,USW00024215,41.3325,-122.3328,1077.5,CA,SHASTA
707,USW00024216,40.1519,-122.2536,107.6,CA,RED BLUFF MUNI AP
708,USW00024217,48.7939,-122.5372,45.4,WA,BELLINGHAM INTL AP
709,USW00024219,45.6194,-121.1661,71.6,WA,DALLES MUNI AP
710,USW00024220,47.0339,-120.5303,538.3,WA,WA ELLENSBURG BOWERS FLD
711,USW00024221,44.1278,-123.2206,107.6,OR,OR EUGENE MAHLON SWEET AP
712,USW00024222,47.9078,-122.2803,184.7,WA,WA EVERETT SNOHOMISH AP
713,USW00024225,42.3811,-122.8722,395.3,OR,OR MEDFORD ROGUE VLY AP
714,USW00024227,46.9733,-122.9033,57.3,WA,WA OLYMPIA AP
715,USW00024229,45.5908,-122.6003,5.8,OR,OR PORTLAND INTL AP
716,USW00024230,44.2558,-121.1392,927.5,OR,OR REDMOND ROBERTS FLD
717,USW00024231,43.2389,-123.3547,160.0,OR,ROSEBURG RGNL AP
718,USW00024232,44.9050,-123.0011,62.5,OR,OR SALEM MCNARY FLD
719,USW00024233,47.4444,-122.3139,112.8,WA,WA SEATTLE TACOMA INTL AP
720,USW00024234,47.5303,-122.3008,6.1,WA,SEATTLE BOEING FLD
721,USW00024235,42.6003,-123.3642,1168.0,OR,SEXTON SUMMIT
722,USW00024237,47.2767,-121.3372,1206.7,WA,STAMPEDE PASS
723,USW00024241,46.4833,-122.8167,115.5,WA,FAA AP
724,USW00024242,45.5511,-122.4089,8.8,OR,OR PORTLAND TROUTDALE AP
725,USW00024243,46.5683,-120.5428,324.3,WA,WA YAKIMA AIR TERMINAL
726,USW00024255,48.3500,-122.6667,14.3,WA,WA WHIDBEY ISLAND NAS
727,USW00024257,40.5175,-122.2986,151.5,CA,CA REDDING MUNI AP
728,USW00024259,41.7806,-122.4717,803.1,CA,MONTAGUE SISKIYOU CO AP
729,USW00024281,47.6500,-122.3000,5.8,WA,SEATTLE URBAN SITE
730,USW00024283,40.9781,-124.1086,61.0,CA,ARCATA EUREKA AP
731,USW00024284,43.4133,-124.2436,5.2,OR,BEND RGNL AP
732,USW00024285,44.6431,-124.0556,37.2,OR,NEWPORT
733,USW00024286,41.7803,-124.2367,17.1,CA,CA CRESCENT CITY MCNAMARA AP
734,USW00025308,55.0389,-131.5786,33.2,AK,AK ANNETTE ISLAND AP
735,USW00025309,58.3567,-134.5639,4.9,AK,AK JUNEAU INTL AP
736,USW00025322,58.4111,-135.7089,12.2,AK,AK GUSTAVUS
737,USW00025323,59.2433,-135.5094,4.6,AK,HAINES AP
738,USW00025325,55.3567,-131.7117,23.2,AK,AK KETCHIKAN INTL AP
739,USW00025329,56.8056,-132.9372,32.6,AK,AK PETERSBURG 1
740,USW00025331,61.5961,-149.0917,70.1,AK,AK PALMER MUNI AP
741,USW00025333,57.0481,-135.3647,4.3,AK,AK SITKA AIRPORT
742,USW00025335,59.4556,-135.3239,6.1,AK,AK SKAGWAY AP
743,USW00025339,59.5119,-139.6711,10.1,AK,AK YAKUTAT STATE AP
744,USW00025367,55.5800,-133.0750,3.7,AK,KLAWOCK AP
745,USW00025501,57.7511,-152.4856,24.4,AK,AK KODIAK AP
746,USW00025503,58.6794,-156.6294,19.2,AK,AK KING SALMON
747,USW00025506,59.7494,-154.9089,43.6,AK,AK ILIAMNA AP
748,USW00025507,59.6419,-151.4908,19.5,AK,AK HOMER AP
749,USW00025516,59.4433,-151.7017,8.8,AK,SELDOVIA AP
750,USW00025624,55.2208,-162.7325,23.8,AK,AK COLD BAY AP
751,USW00025628,56.6000,-169.5650,38.1,AK,ST GEORGE ISLAND AP
752,USW00025704,51.8833,-176.6500,5.2,AK,AK ADAK
753,USW00025713,57.1553,-170.2222,10.7,AK,AK ST PAUL ISLAND AP
754,USW00026401,61.2500,-149.8000,58.5,AK,AK ELMENDORF AFB
755,USW00026409,61.2169,-149.8550,42.1,AK,AK ANCHORAGE MERRILL FLD
756,USW00026410,60.4889,-145.4511,9.4,AK,CORDOVA M K SMITH AP
757,USW00026411,64.8039,-147.8761,131.7,AK,AK FAIRBANKS INTL AP
758,USW00026412,62.9614,-141.9292,522.1,AK,AK NORTHWAY AP
759,USW00026415,63.9944,-145.7214,389.2,AK,BIG DELTA AP
760,USW00026422,64.7767,-141.1483,276.8,AK,AP
761,USW00026425,62.1592,-145.4589,476.1,AK,AK GULKANA AP
762,USW00026435,64.5500,-149.0717,109.7,AK,AK NENANA MUNI AP
763,USW00026438,60.1283,-149.4167,6.7,AK,AK SEWARD AP
764,USW00026442,61.1303,-146.3517,29.0,AK,AK VALDEZ WSO
765,USW00026451,61.1689,-150.0278,36.6,AK,AK ANCHORAGE INTL AP
766,USW00026491,61.1781,-149.9664,27.4,AK,ANCHORAGE LAKE HOOD AP
767,USW00026492,60.7850,-148.8389,31.4,AK,PORTAGE GLACIER V C
768,USW00026494,64.9736,-147.5100,347.5,AK,FAIRBANKS 11 NE
769,USW00026501,64.7367,-156.9344,46.6,AK,AK GALENA AP
770,USW00026502,64.3267,-158.7417,55.2,AK,KALTAG AP
771,USW00026508,69.3694,-152.1400,81.1,AK,AK UMIAT
772,USW00026510,62.9575,-155.6103,101.5,AK,AK MCGRATH AP
773,USW00026512,63.9033,-152.2817,312.4,AK,AK MINCHUMINA
774,USW00026514,61.9772,-151.2169,45.7,AK,SKWENTNA
775,USW00026523,60.5797,-151.2392,27.7,AK,KENAI MUNI AP
776,USW00026528,62.3200,-150.0950,106.7,AK,AK TALKEETNA AP
777,USW00026529,65.1744,-152.1069,69.2,AK,AK TANANA CALHOUN MEM AP
778,USW00026533,66.9161,-151.5089,195.7,AK,AK BETTLES AP
779,USW00026615,60.7850,-161.8292,31.1,AK,AK BETHEL AP
780,USW00026616,66.8667,-162.6333,9.1,AK,AK KOTZEBUE RALPH WEIN
781,USW00026617,64.5111,-165.4400,4.0,AK,AK NOME MUNI AP
782,USW00026618,65.6239,-168.0992,7.6,AK,AK WALES
783,USW00026642,67.7317,-164.5483,3.0,AK,KIVALINA AP
784,USW00027406,70.1917,-148.4772,18.6,AK,DEADHORSE AP
785,USW00027502,71.2833,-156.7814,9.4,AK,AK BARROW POST ROGERS
786,USW00027503,70.6392,-159.9950,9.1,AK,AK WAINWRIGHT AP
787,USW00027515,70.2117,-151.0017,17.4,AK,NUIQSUT AP
788,USW00045715,52.7167,174.1000,37.2,AK,AK SHEMYA USAF BASE
789,USW00053119,36.3189,-119.6289,75.9,CA,HANFORD MUNI AP
790,USW00053120,33.0375,-116.9158,424.6,CA,RAMONA AP
791,USW00053121,33.2194,-117.3494,8.5,CA,OCEANSIDE MUNI AP
792,USW00053123,36.2117,-115.1958,671.5,NV,LAS VEGAS AIR TERMINAL
793,USW00053131,32.2394,-111.1697,833.0,AZ,TUCSON 11 W
794,USW00053132,31.5908,-110.5086,1466.4,AZ,ELGIN 5 S
795,USW00053136,36.6239,-116.0225,1001.0,NV,MERCURY 3 SSW
796,USW00053138,39.0117,-114.2089,2016.9,NV,BAKER 5 W
797,USW00053139,36.6019,-117.1450,25.6,CA,STOVEPIPE WELLS 1 SW
798,USW00053144,34.9883,-117.8647,695.9,CA,EDWARDS AFB NORTH AUX FLD
799,USW00053149,38.3028,-111.2936,1891.0,UT,TORREY 7 E
800,USW00053150,37.7592,-119.8208,2017.8,CA,YOSEMITE VILLAGE 12 W
801,USW00053151,33.4392,-117.1903,347.5,CA,FALLBROOK 5 NE
802,USW00053152,34.4142,-119.8797,5.5,CA,BARBARA 11 W
803,USW00053154,32.8350,-114.1883,189.0,AZ,YUMA 27 ENE
804,USW00053155,35.7553,-112.3375,1825.8,AZ,WILLIAMS 35 NNW
805,USW00053802,39.4781,-88.2803,219.8,IL,MATTOON COLES CO AP
806,USW00053819,33.3633,-84.5658,261.5,GA,GA ATLANTA
807,USW00053820,31.4156,-87.0442,78.6,AL,AL EVERGREEN MIDDLETON FLD
808,USW00053838,34.2719,-83.8303,388.6,GA,GA GAINESVILLE GILMER AP
809,USW00053841,38.1847,-84.9033,245.1,KY,KY FRANKFORT CAPITAL CITY AP
810,USW00053842,39.8250,-86.2958,250.9,IN,IN INDIANAPOLIS EAGLE CREEK AP
811,USW00053843,31.3089,-86.3939,94.5,AL,ANDALUSIA OPP AP
812,USW00053844,39.7556,-82.6572,264.9,OH,OH LANCASTER FAIRFIELD AP
813,USW00053847,30.7044,-87.0231,54.3,FL,WHITING FIELD NAS SOUTH
814,USW00053848,30.5069,-86.9597,31.1,FL,FL CHACTAW NOLF MILTON
815,USW00053850,34.6719,-82.8864,271.6,SC,CLEMSON OCONEE CO AP
816,USW00053852,34.6525,-86.9453,180.4,AL,DECATUR PRYOR FLD
817,USW00053853,30.4000,-86.4717,6.7,FL,DESTIN FT WALTON AP
818,USW00053854,33.4617,-80.8581,60.0,SC,ORANGEBURG MUNI AP
819,USW00053855,39.3644,-84.5247,193.2,OH,HAMILTON BUTLER CO RGNL AP
820,USW00053858,30.4636,-88.5319,5.5,MS,PASCAGOULA LOTT INTL AP
821,USW00053859,39.5936,-84.2264,293.2,OH,DAYTON WRIGHT BROS AP
822,USW00053860,30.3361,-81.5147,12.5,FL,FL JACKSONVILLE CRAIG MUNI
823,USW00053862,30.0719,-83.5736,13.7,FL,PERRY FOLEY AP
824,USW00053863,33.8750,-84.3022,305.4,GA,GA ATLANTA PEACHTREE AP
825,USW00053864,33.1783,-86.7817,172.2,AL,AL ALABASTER SHELBY CO AP
826,USW00053865,30.3433,-89.8222,8.2,LA,LA SLIDELL AP
827,USW00053866,39.5781,-85.8033,245.1,IN,IN SHELBYVILLE MUNI AP
828,USW00053867,33.9706,-80.9958,64.6,SC,COLUMBIA OWENS DWTN AP
829,USW00053868,36.0236,-84.2375,277.4,TN,TN OAK RIDGE ASOS
830,USW00053869,35.9403,-89.8308,77.7,AR,AR BLYTHEVILLE MUNI AP
831,USW00053870,35.1967,-81.1558,242.9,NC,GASTONIA MUNI AP
832,USW00053871,34.9869,-81.0575,203.9,SC,HILL YORK CO AP
833,USW00053872,35.0169,-80.6206,207.0,NC,MONROE AP
834,USW00053873,34.1231,-84.8486,232.6,GA,GA CARTERSVILLE AP
835,USW00053874,34.2486,-82.1592,192.3,SC,GREENWOOD CO AP
836,USW00053877,35.4944,-82.6142,655.6,NC,ASHEVILLE 8 SSW
837,USW00053878,35.4186,-82.5567,641.0,NC,ASHEVILLE 13 S
838,USW00053879,38.9597,-94.3714,303.9,MO,LEES SUMMIT MUNI AP
839,USW00053901,36.8781,-91.9025,372.8,MO,WEST PLAINS MUNI AP
840,USW00053902,30.3567,-95.4139,74.7,TX,CONROE MONTGOMERY CO AP
841,USW00053903,30.7439,-95.5861,111.6,TX,HUNTSVILLE MUNI AP
842,USW00053904,38.9286,-90.4281,132.9,MO,CHARLES CO AP
843,USW00053905,32.5428,-93.7450,54.6,LA,SHREVEPORT DWTN AP
844,USW00053907,32.6636,-97.0939,192.0,TX,ARLINGTON MUNI AP
845,USW00053908,36.0394,-95.9844,194.5,OK,L JONES JR AP
846,USW00053909,32.9733,-97.3181,208.8,TX,FT WORTH ALLIANCE AP
847,USW00053910,30.0675,-95.5561,46.3,TX,HOUSTON HOOKS MEM AP
848,USW00053911,32.7100,-96.2672,144.8,TX,TERRELL MUNI AP
849,USW00053912,32.0311,-96.3989,136.6,TX,TX CORSICANA CAMPBELL FLD
850,USW00053913,35.8517,-97.4142,325.5,OK,GUTHRIE MUNI AP
851,USW00053914,33.1803,-96.5903,176.8,TX,MCKINNEY MUNI AP
852,USW00053915,30.0375,-91.8839,7.3,LA,NEW IBERIA ACADIANA RGNL AP
853,USW00053916,39.8233,-93.5792,234.4,MO,MO CHILLICOTHE AGRI-SCI
854,USW00053917,30.0494,-90.0289,2.7,LA,LA NEW ORLEANS LAKEFRONT AP
855,USW00053918,36.3689,-92.4703,282.9,AR,MOUNTAIN HOME BAXTER AP
856,USW00053919,33.6361,-91.7556,88.4,AR,MONTICELLO MUNI AP
857,USW00053920,35.2578,-93.0947,122.8,AR,AR RUSSELLVILLE MUNI AP
858,USW00053921,34.5467,-93.5781,214.0,AR,MOUNT IDA ASOS
859,USW00053922,36.2833,-94.3000,392.3,AR,FAYETTEVILLE NW AR AP
860,USW00053925,34.0500,-94.4008,108.2,AR,QUEEN SEVIER CO AP
861,USW00053926,36.1181,-97.0914,271.3,OK,STILLWATER 2 W
862,USW00053927,36.1347,-97.1083,270.7,OK,STILLWATER 5 WNW
863,USW00053959,35.1350,-90.2344,65.2,AR,WEST MEMPHIS MUNI AP
864,USW00053960,30.0917,-91.8731,10.7,LA,LAFAYETTE 13 SE
865,USW00053961,32.8833,-92.1164,26.8,LA,MONROE 26 N
866,USW00053968,31.7797,-95.7233,116.7,TX,PALESTINE 6 WNW
867,USW00053974,39.1028,-96.6097,346.6,KS,MANHATTAN 6 SSW
868,USW00053988,31.1500,-92.9667,94.5,LA,FT POLK FULLERTON LNDG STRIP
869,USW00054704,42.1908,-71.1736,15.2,MA,NORWOOD MEM AP
870,USW00054728,44.3675,-71.5450,327.4,NH,NH WHITEFIELD MT WASHINGTON AP
871,USW00054733,42.5842,-70.9175,32.9,MA,BEVERLY MUNI AP
872,USW00054734,41.3714,-73.4828,139.3,CT,DANBURY MUNI AP
873,USW00054737,40.1203,-76.2944,122.8,PA,LANCASTER AP
874,USW00054740,43.3436,-72.5178,176.2,VT,VT SPRINGFIELD HARTNESS AP
875,USW00054742,44.4200,-72.0194,213.4,VT,VT SAINT JOHNSBURY
876,USW00054743,40.8764,-74.2831,52.7,NJ,CALDWELL ESSEX CO AP
877,USW00054756,42.5700,-72.2911,169.2,MA,ORANGE MUNI AP
878,USW00054757,42.1094,-77.9919,647.4,NY,WELLSVILLE MUNI AP
879,USW00054767,41.7419,-72.1836,75.3,CT,CT WILLIMANTIC WINDHAM AP
880,USW00054768,42.6958,-73.1708,199.3,MA,NORTH ADAMS HARRIMAN AP
881,USW00054769,41.9097,-70.7294,45.4,MA,PLYMOUTH MUNI AP
882,USW00054770,42.8050,-72.0036,317.0,NH,JAFFREY MUNI AP
883,USW00054771,44.5344,-72.6144,223.1,VT,VT MORRISVILLE STOWE STATE AP
884,USW00054772,43.9906,-70.9475,135.6,ME,FRYEBURG E SLOPES AP
885,USW00054773,43.3497,-76.3847,144.8,NY,FULTON OSWEGO CO AP
886,USW00054777,41.8756,-71.0211,13.1,MA,TAUNTON MUNI AP
887,USW00054778,42.6425,-77.0564,275.2,NY,YAN AP
888,USW00054779,41.0089,-74.7367,177.7,NJ,NJ ANDOVER AEROFLEX AP
889,USW00054780,41.0731,-71.9233,2.1,NY,MONTAUK AP
890,USW00054781,42.8914,-73.2469,251.8,VT,VT BENNINGTON MORSE ST AP
891,USW00054782,40.2383,-75.5572,88.7,PA,PA POTTSTOWN LIMERICK AP
892,USW00054785,40.6239,-74.6694,32.0,NJ,NJ SOMERVILLE SOMERSET AP
893,USW00054786,40.3300,-75.1225,120.1,PA,DOYLESTOWN AP
894,USW00054787,40.7342,-73.4169,24.7,NY,NY FARMINGDALE AP
895,USW00054788,41.5097,-72.8278,31.4,CT,MERIDEN MARKHAM MUNI AP
896,USW00054789,41.1389,-75.3794,584.0,PA,MT POCONO MOUNTAINS AP
897,USW00054790,40.8217,-72.8689,25.0,NY,NY SHIRLEY BROOKHAVEN AP
898,USW00054791,43.2781,-70.9222,98.5,NH,NH ROCHESTER SKYHAVEN AP
899,USW00054792,41.0467,-78.4117,462.1,PA,PA CLEARFIELD LAWRENCE AP
900,USW00054793,41.2003,-74.6231,128.3,NJ,SUSSEX AP
901,USW00054794,43.1717,-70.9278,36.3,NH,DURHAM 2 N
902,USW00054795,43.1092,-70.9483,19.2,NH,DURHAM 2 SSW
903,USW00054796,41.4911,-71.5414,35.1,RI,KINGSTON 1 NW
904,USW00054797,41.4783,-71.5417,32.3,RI,KINGSTON 1 W
905,USW00054808,40.0528,-88.3728,213.4,IL,CHAMPAIGN 9 SW
906,USW00054810,46.3344,-86.9200,266.7,MI,CHATHAM 1 SE
907,USW00054811,41.8431,-88.8514,262.4,IL,SHABBONA 5 NNE
908,USW00054813,46.4167,-86.6500,186.5,MI,MI MUNSING LAKESHORE
909,USW00054851,40.3667,-81.7828,341.4,OH,COSHOCTON 8 NNE
910,USW00054854,44.9081,-84.7203,445.3,MI,GAYLORD 9 SSW
911,USW00054902,41.5561,-93.2856,280.7,IA,MOINES 17 E
912,USW00054903,44.0603,-90.1736,284.4,WI,NECEDAH 5 WNW
913,USW00054932,46.1136,-92.9936,344.4,MN,SANDSTONE 6 W
914,USW00054933,45.7114,-99.1294,596.5,SD,ABERDEEN 35 WNW
915,USW00054937,46.7703,-99.4778,585.2,ND,JAMESTOWN 38 WSW
916,USW00063826,33.3550,-81.3278,96.6,SC,BLACKVILLE 3 W
917,USW00063828,31.3128,-84.4706,53.6,GA,NEWTON 8 W
918,USW00063829,31.1922,-84.4464,47.5,GA,NEWTON 11 SW
919,USW00063831,32.3378,-89.0703,114.0,MS,NEWTON 5 ENE
920,USW00063838,38.0944,-84.7464,271.6,KY,VERSAILLES 3 NNW
921,USW00063849,37.2503,-86.2325,240.8,KY,BOWLING GREEN 21 NNE
922,USW00063850,33.7836,-83.3897,225.9,GA,WATKINSVILLE 5 SSE
923,USW00063855,36.0139,-85.1344,583.1,TN,CROSSVILLE 7 NW
924,USW00063856,30.8078,-81.4597,7.6,GA,BRUNSWICK 23 S
925,USW00063857,34.2850,-85.9622,351.1,AL,GADSDEN 19 N
926,USW00063858,32.4567,-87.2422,58.8,AL,SELMA 13 WNW
927,USW00063862,34.5653,-85.6172,310.9,AL,HEAD 1 SSW
928,USW00063866,34.3336,-86.3156,189.0,AL,GUNTERSVILLE 2 SW
929,USW00063867,34.1953,-86.7964,243.8,AL,CULLMAN 3 ENE
930,USW00063868,34.6603,-87.3461,175.3,AL,COURTLAND 2 WSW
931,USW00063869,30.5486,-87.8758,29.0,AL,FAIRHOPE 3 NE
932,USW00063870,31.0425,-86.3117,95.7,AL,FLORALA MUNI AP
933,USW00063872,31.9514,-85.1289,86.9,AL,FLD AP
934,USW00063890,30.3503,-81.8831,30.2,FL,FL JACKSON WHITEHOUSE NOLF
935,USW00063891,32.8517,-86.6114,178.0,AL,CLANTON 2 NE
936,USW00063892,32.8369,-88.1375,32.6,AL,GAINESVILLE 2 NE
937,USW00063893,32.7169,-87.6225,85.3,AL,GREENSBORO 2 WNW
938,USW00063894,34.7728,-87.6400,161.5,AL,SHOALS 2 N
939,USW00063895,34.4536,-87.7103,219.5,AL,RUSSELLVILLE 4 SSE
940,USW00063896,34.6942,-85.9997,193.9,AL,SCOTTSBORO 2 NE
941,USW00063897,32.3350,-86.9786,47.9,AL,SELMA 6 SSE
942,USW00063898,38.8883,-86.5708,231.6,IN,BEDFORD 5 WNW
943,USW00063899,31.1450,-87.0517,51.8,AL,BREWTON 3 NNE
944,USW00064756,41.7858,-73.7422,125.9,NY,MILLBROOK 3 W
945,USW00064758,42.4400,-76.2461,374.3,NY,ITHACA 13 E
946,USW00064775,43.2339,-75.4117,158.2,NY,NY ROME GRIFFISS AIRFIELD
947,USW00064776,44.6500,-73.4667,71.3,NY,NY PLATTSBURGH INTL AP
948,USW00073802,31.9156,-86.3114,187.1,AL,HOME 2 S
949,USW00073803,33.5722,-86.0572,160.0,AL,TALLADEGA 10 NNE
950,USW00092762,39.7333,-77.4333,249.3,PA,FOUNTAIN DALE SITE R HELIPAD
951,USW00092805,26.2500,-80.1083,6.4,FL,FL POMPANO BEACH AIRPARK
952,USW00092806,27.7628,-82.6261,2.4,FL,ST PETERSBURG AP
953,USW00092809,25.9989,-80.2411,2.7,FL,FL HOLLYWOOD NORTH PERRY AP
954,USW00092811,25.8064,-80.1336,0.3,FL,MIAMI BEACH
955,USW00092821,28.6158,-80.6928,0.9,FL,TITUSVILLE 7 E
956,USW00092826,25.8997,-81.3183,1.2,FL,EVERGLADES CITY 5 NE
957,USW00092827,27.1525,-81.3689,45.7,FL,SEBRING 23 SSE
958,USW00093005,37.1431,-107.7597,2030.0,CO,LA PLATA CO AP
959,USW00093009,39.2292,-106.3169,3027.3,CO,LEADVILLE LAKE CO AP
960,USW00093010,39.1894,-103.7158,1634.9,CO,CO LIMON WSMO
961,USW00093013,38.5050,-107.8975,1755.3,CO,MONTROSE RGNL AP
962,USW00093026,31.4583,-109.6061,1251.2,AZ,AZ DOUGLAS BISBEE INL AP
963,USW00093027,34.5183,-109.3792,1747.4,AZ,ST JOHNS INDUSTRIAL AP
964,USW00093033,32.3336,-104.2581,985.1,NM,CARLSBAD CAVERN CITY AP
965,USW00093037,38.8100,-104.6883,1884.0,CO,CO COLORADO SPRINGS MUNI
966,USW00093042,36.0167,-102.5500,1216.2,TX,TX DALHART MUNI AP
967,USW00093044,35.0706,-108.8389,1923.6,NM,ZUNI
968,USW00093045,33.2367,-107.2681,1478.3,NM,NM TRUTH OR CONSEQUENCE AP
969,USW00093057,35.1664,-107.8992,1987.3,NM,GRANTS MILAN MUNI AP
970,USW00093058,38.2900,-104.4983,1438.7,CO,PUEBLO MEM AP
971,USW00093067,39.5703,-104.8489,1793.1,CO,CO DENVER CENTENNIAL AP
972,USW00093069,37.3031,-108.6275,1802.6,CO,CORTEZ MONTEZUMA CO AP
973,USW00093073,39.2231,-106.8683,2353.1,CO,PITKIN CO AP
974,USW00093075,38.7550,-109.7542,1390.2,UT,MOAB CANYONLAND AP
975,USW00093084,32.8547,-109.6353,968.0,AZ,SAFFORD MUNI AP
976,USW00093101,33.6667,-117.7333,116.1,CA,EL TORO MCAS
977,USW00093102,39.4167,-118.7167,1199.1,NV,FALLON NAAS
978,USW00093104,35.6875,-117.6931,679.7,CA,CA CHINA LAKE NAF
979,USW00093107,32.8667,-117.1333,145.4,CA,CA SAN DIEGO MIRAMAR NAS
980,USW00093110,34.2008,-119.2069,11.0,CA,OXNARD VENTURA CO AP
981,USW00093111,34.1167,-119.1167,4.0,CA,POINT MUGU NF
982,USW00093112,32.7000,-117.2000,7.9,CA,NORTH ISLAND NAS
983,USW00093114,33.7000,-117.8333,18.0,CA,CA TUSTIN MCAF
984,USW00093115,32.5667,-117.1167,7.3,CA,IMPERIAL BEACH REAM FLD NAS
985,USW00093116,33.2500,-119.4500,153.0,CA,CA SAN NICOLAS ISLAND
986,USW00093129,37.7086,-113.0944,1702.6,UT,CITY MUNI AP
987,USW00093134,34.0511,-118.2353,70.1,CA,LOS ANGELES DWTN USC CAMPUS
988,USW00093138,33.8281,-116.5053,128.3,CA,PALM SPRINGS RGNL AP
989,USW00093139,34.2325,-111.3447,1478.3,AZ,PAYSON
990,USW00093140,33.4489,-112.0825,334.7,AZ,PHOENIX CITY
991,USW00093141,39.6092,-110.7547,1804.7,UT,PRICE CARBON CO AP
992,USW00093167,35.2578,-113.9331,1042.4,AZ,AZ KINGMAN MOHAVE CO AP
993,USW00093184,33.6800,-117.8664,16.5,CA,ANA JOHN WAYNE AP
994,USW00093193,36.7800,-119.7194,101.5,CA,CA FRESNO YOSEMITE INTL AP
995,USW00093197,34.0158,-118.4514,53.0,CA,SANTA MONICA MUNI AP
996,USW00093205,39.1019,-121.5678,18.9,CA,MARYSVILLE YUBA CO AP
997,USW00093206,35.2372,-120.6414,61.0,CA,LUIS OBISPO AP
998,USW00093209,35.6697,-120.6283,246.9,CA,PASO ROBLES MUNI AP
999,USW00093210,39.4900,-121.6183,57.9,CA,OROVILLE MUNI AP
1000,USW00093225,38.6956,-121.5897,7.0,CA,CA SACRAMENTO METRO AP
1001,USW00093227,38.2103,-122.2847,4.3,CA,CO AP
1002,USW00093228,37.6542,-122.1150,13.1,CA,CA HAYWARD AIR TERMINAL
1003,USW00093230,38.8983,-119.9947,1924.5,CA,SOUTH LAKE TAHOE AP
1004,USW00093241,38.3775,-121.9575,33.2,CA,VACAVILLE NUT TREE AP
1005,USW00093242,36.9878,-120.1106,77.1,CA,MADERA MUNI AP
1006,USW00093243,37.2381,-120.8825,23.8,CA,MERCED 23 WSW
1007,USW00093245,38.3208,-123.0747,19.2,CA,BODEGA 6 WSW
1008,USW00093706,39.7078,-77.7297,212.8,MD,MD HAGERSTOWN WASHINGTON CO AP
1009,USW00093718,33.8117,-78.7239,9.8,SC,MYRTLE BCH AP
1010,USW00093719,35.0678,-77.0481,5.8,NC,BERN CRAVEN CO AP
1011,USW00093720,38.3406,-75.5103,14.6,MD,MD SALISBURY WICOMICO RGNL
1012,USW00093721,39.1667,-76.6833,47.5,MD,MD BALTIMORE WASH INTL AP
1013,USW00093727,34.7000,-77.3833,7.9,NC,NEW RIVER MCAF
1014,USW00093729,35.2325,-75.6219,3.4,NC,NC CAPE HATTERAS AP
1015,USW00093730,39.4494,-74.5672,18.3,NJ,NJ ATLANTIC CITY INTL AP
1016,USW00093736,38.1386,-78.4530,195.4,VA,VA CHARLOTTESVILLE AP
1017,USW00093737,35.1333,-78.9333,93.0,NC,NC FT BRAGG SIMMONS AAF
1018,USW00093738,38.9408,-77.4636,88.4,VA,VA WASHINGTON DC DULLES AP
1019,USW00093739,37.9406,-75.4631,11.6,VA,VA WALLOPS ISLAND FLIGHT
1020,USW00093740,34.9914,-78.8803,56.7,NC,NC FAYETTEVILLE RGNL AP
1021,USW00093741,37.1319,-76.4930,12.8,VA,NEWPORT NEWS INTL AP
1022,USW00093743,34.6833,-77.0333,6.4,NC,NC SWANSBORO BOGUE FLD MCAF
1023,USW00093759,35.8550,-77.8931,48.8,NC,MT WILSON AP
1024,USW00093765,34.7336,-76.6606,3.4,NC,BEAUFORT MICHAEL J SMITH FLD
1025,USW00093773,36.9839,-77.0075,34.1,VA,NORFOLK RICH
1026,USW00093775,37.7081,-77.4344,62.5,VA,ASHLAND HANOVER CO MUNI AP
1027,USW00093778,39.9181,-76.8742,148.1,PA,AP
1028,USW00093780,39.9492,-74.8417,16.2,NJ,HOLLY S JERSEY AP
1029,USW00093781,36.4394,-77.7097,78.0,NC,ROANOKE RAPIDS AP
1030,USW00093782,34.7917,-79.3661,67.1,NC,NC LAURINBURG MAXTON AP
1031,USW00093783,36.0467,-79.4769,188.1,NC,NC BURLINGTON ALAMANCE AP
1032,USW00093784,39.2814,-76.6089,6.1,MD,MD SCI CTR BALTIMORE
1033,USW00093785,35.9333,-79.0642,156.1,NC,CHAPEL HILL WILLIAMS AP
1034,USW00093786,38.3083,-75.1239,3.7,MD,CITY MUNI AP
1035,USW00093801,34.3478,-85.1611,194.8,GA,ROME R B RUSSELL AP
1036,USW00093805,30.3975,-84.3289,19.2,FL,FL TALLAHASSEE
1037,USW00093806,33.2119,-87.6161,45.7,AL,TUSCALOOSA MUNI AP
1038,USW00093807,36.1336,-80.2222,295.7,NC,NC WINSTON SALEM RYNLDS AP
1039,USW00093808,36.9647,-86.4239,160.9,KY,BOWLING GREEN WARREN CO AP
1040,USW00093809,37.0422,-89.1856,95.4,IL,CAIRO 3N
1041,USW00093810,37.7797,-89.2497,123.7,IL,IL CARBONDALE SOUTHERN IL AP
1042,USW00093812,39.1033,-84.4189,149.4,OH,OH CINCINNATI LUNKEN AP
1043,USW00093814,39.0431,-84.6717,264.9,KY,KY CINCINNATI NORTHERN KY
1044,USW00093815,39.9061,-84.2186,304.8,OH,OH DAYTON INTL AP
1045,USW00093816,39.1186,-88.6242,190.5,IL,EFFINGHAM 3SW
1046,USW00093817,38.0442,-87.5206,121.9,IN,IN EVANSVILLE REGIONAL
1047,USW00093819,39.7075,-86.2803,240.8,IN,IN INDIANAPOLIS
1048,USW00093820,38.0408,-84.6058,298.7,KY,KY LEXINGTON BLUEGRASS
1049,USW00093821,38.1811,-85.7392,148.7,KY,KY LOUISVILLE INTL AP
1050,USW00093822,39.8447,-89.6839,181.1,IL,IL SPRINGFIELD CAPITAL AP
1051,USW00093823,39.4500,-87.3000,175.3,IN,HAUTE CAA AP
1052,USW00093824,39.9444,-81.8922,268.2,OH,ZANESVILLE MUNI AP
1053,USW00093825,37.0956,-89.9161,109.7,MO,ADVANCE 1 S
1054,USW00093831,32.4833,-80.7167,11.3,SC,BEAUFORT MCAS
1055,USW00093832,30.2167,-81.8833,27.1,FL,FL JACKSONVILLE CECIL FLD NAS
1056,USW00093837,30.2333,-81.6667,6.1,FL,FL JACKSONVILLE NAS
1057,USW00093839,35.3447,-89.8733,86.0,TN,MEMPHIS
1058,USW00093841,30.7167,-87.0167,60.7,FL,WHITING FLD NAS
1059,USW00093842,32.5161,-84.9422,119.5,GA,COLUMBUS METRO AP
1060,USW00093845,30.7825,-83.2767,60.4,GA,VALDOSTA RGNL AP
1061,USW00093846,34.4978,-82.7097,231.6,SC,SC ANDERSON CO AP
1062,USW00093862,34.2622,-88.7714,110.0,MS,MS TUPELO RGNL AP
1063,USW00093874,30.4119,-89.0808,12.8,MS,MS GULFPORT - BILOXI AP
1064,USW00093901,32.7333,-96.9667,150.0,TX,DALLAS HENSLEY FLD NAS
1065,USW00093909,38.8317,-94.8897,331.3,KS,KS OLATHE JOHNSON CO AP
1066,USW00093914,31.7831,-95.6039,141.7,TX,PALESTINE 2 NE
1067,USW00093915,31.3347,-92.5586,25.6,LA,LA ALEXANDRIA INTL AP
1068,USW00093919,31.1828,-90.4708,125.9,MS,MS MCCOMB/PIKE CO/JOHN E LEWIS
1069,USW00093950,34.8822,-95.7831,234.7,OK,MCALESTER RGNL AP
1070,USW00093953,35.6567,-95.3614,185.9,OK,MUSKOGEE DAVIS FLD
1071,USW00093967,37.0911,-95.5664,229.2,KS,KS COFFEYVILLE MUNI AP
1072,USW00093985,32.7817,-98.0603,283.5,TX,MINERAL WELLS AP
1073,USW00093986,34.9894,-99.0525,474.3,OK,MUNI AP
1074,USW00093987,31.2361,-94.7544,87.8,TX,LUFKIN ANGELINA CO AP
1075,USW00093988,34.1750,-91.9347,63.1,AR,PINE BLUFF GRIDER FLD
1076,USW00093989,39.9369,-91.1919,234.4,IL,IL QUINCY RGNL AP
1077,USW00093990,39.3756,-99.8297,666.9,KS,CITY MUNI AP
1078,USW00093992,33.2208,-92.8142,76.8,AR,S AR RGNL AP
1079,USW00093993,36.0097,-94.1694,381.3,AR,AR FAYETTEVILLE DRAKE FLD
1080,USW00093997,38.8761,-98.8092,568.1,KS,RUSSELL MUNI AP
1081,USW00094008,48.2064,-106.6242,693.7,MT,MT GLASGOW
1082,USW00094010,48.4089,-106.5144,840.0,MT,MARIE
1083,USW00094011,48.4167,-101.3500,497.1,ND,MINOT AFB
1084,USW00094012,48.5428,-109.7633,787.9,MT,HAVRE CITY CO AP
1085,USW00094014,48.1739,-103.6367,579.7,ND,ND WILLISTON SLOULIN INTL
1086,USW00094017,48.0944,-105.5744,605.3,MT,POINT INTL AP
1087,USW00094023,44.3394,-105.5419,1327.1,WY,WY GILLETTE CAMPBELL AP
1088,USW00094030,40.4422,-109.5144,1603.2,UT,VERNAL MUNICIPAL AP
1089,USW00094032,43.7331,-103.6114,1690.1,SD,CO AP
1090,USW00094037,45.6044,-103.5464,915.6,SD,BUFFALO ASOS
1091,USW00094038,46.0139,-102.6547,824.5,ND,HETTINGER MUNI AP
1092,USW00094039,43.0206,-102.5183,999.1,SD,RIDGE AP
1093,USW00094040,40.2064,-100.5914,771.1,NE,MUNI AP
1094,USW00094041,47.6458,-101.4394,582.2,ND,GARRISON
1095,USW00094050,40.0489,-107.8853,1947.7,CO,MEEKER AP
1096,USW00094051,47.3258,-106.9475,811.4,MT,JORDAN AP
1097,USW00094052,45.5464,-100.4078,522.7,SD,MOBRIDGE MUNI AP
1098,USW00094053,42.0647,-104.1528,1281.7,WY,TORRINGTON MUNI AP
1099,USW00094054,44.3814,-106.7211,1513.9,WY,BUFFALO JOHNSON CO AP
1100,USW00094055,46.3583,-104.2500,905.6,MT,MUNI AP
1101,USW00094056,45.0319,-102.0192,786.4,SD,MUNI AP
1102,USW00094057,42.7972,-105.3856,1502.4,WY,DOUGLAS CONVERSE CO AP
1103,USW00094059,48.4886,-105.2097,805.6,MT,POINT 34 NE
1104,USW00094060,48.3083,-105.1017,635.5,MT,POINT 29 ENE
1105,USW00094074,40.8067,-104.7553,1642.9,CO,NUNN 7 NNE
1106,USW00094075,40.0353,-105.5408,2995.6,CO,BOULDER 14 W
1107,USW00094077,42.4247,-103.7364,1342.9,NE,HARRISON 20 SSE
1108,USW00094078,42.6753,-108.6686,1759.6,WY,LANDER 11 SSE
1109,USW00094079,42.0681,-101.4450,1140.0,NE,WHITMAN 5 ENE
1110,USW00094080,46.8947,-103.3769,844.6,ND,MEDORA 7 E
1111,USW00094081,45.5161,-103.3017,878.7,SD,BUFFALO 13 ESE
1112,USW00094082,40.2447,-108.9678,1847.7,CO,DINOSAUR 2 E
1113,USW00094084,48.9675,-102.1703,561.4,ND,NORTHGATE 5 ESE
1114,USW00094085,44.0194,-100.3531,647.4,SD,PIERRE 24 S
1115,USW00094088,44.5169,-104.4364,1765.4,WY,SUNDANCE 8 NNW
1116,USW00094107,42.5906,-117.8644,1234.4,OR,ST AP
1117,USW00094119,47.9742,-117.4283,667.8,WA,DEER PARK AP
1118,USW00094128,41.7872,-111.8533,1357.6,UT,LOGAN CACHE AP
1119,USW00094129,46.7439,-117.1086,777.5,WA,PULLMAN MOSCOW RGNL AP
1120,USW00094143,43.5317,-112.9422,1505.1,ID,FALLS 46 W
1121,USW00094173,44.5444,-110.4211,2388.1,WY,WY YELLOWSTONE LAKE
1122,USW00094176,47.6831,-117.3214,595.3,WA,SPOKANE FELTS FLD
1123,USW00094178,42.4819,-114.4869,1265.2,ID,FALLS SUN VLY RGNL AP
1124,USW00094182,44.8889,-116.1017,1528.0,ID,MCCALL AP
1125,USW00094185,43.5950,-118.9564,1261.9,OR,BURNS MUNI AP
1126,USW00094194,43.8339,-111.8045,1480.7,ID,REXBURG MADISON CO AP
1127,USW00094197,48.4608,-119.5167,395.0,WA,OMAK AP
1128,USW00094224,46.1569,-123.8825,2.7,OR,OR ASTORIA RGNL AP
1129,USW00094225,46.9728,-123.9303,3.7,WA,WA HOQUIAM BOWERMAN AP
1130,USW00094227,47.2381,-123.1408,82.6,WA,WA SHELTON SANDERSON FLD
1131,USW00094236,42.1469,-121.7242,1244.8,OR,KLAMATH FALLS INTL AP
1132,USW00094239,47.3978,-120.2014,374.6,WA,WA WENATCHEE PANGBORN AP
1133,USW00094240,47.9375,-124.5550,56.4,WA,WA QUILLAYUTE STATE AP
1134,USW00094248,47.4933,-122.2144,8.8,WA,RENTON MUNI AP
1135,USW00094261,45.5406,-122.9486,62.2,OR,OR PORTLAND-HILLSBORO AP
1136,USW00094266,48.1203,-123.4983,87.8,WA,PORT ANGELES INTL AP
1137,USW00094273,45.1947,-123.1339,48.5,OR,OR MCMINNVILLE MUNI AP
1138,USW00094274,47.2675,-122.5761,89.0,WA,TACOMA NARROWS AP
1139,USW00094276,48.5222,-123.0231,33.2,WA,FRIDAY HARBOR AP
1140,USW00094281,45.2486,-122.7686,59.7,OR,AURORA STATE AP
1141,USW00094290,47.6872,-122.2553,18.3,WA,SEATTLE SAND PT WSFO
1142,USW00094298,45.6208,-122.6572,9.1,WA,WA VANCOUVER PEARSON AP
1143,USW00094299,41.4914,-120.5644,1333.5,CA,ALTURAS MUNI AP
1144,USW00094623,43.9636,-69.7117,20.7,ME,WISCASSET AP
1145,USW00094624,41.6875,-69.9933,20.7,MA,CHATHAM MUNI AP
1146,USW00094626,45.4622,-69.5953,316.1,ME,ME GREENVILLE MAINE
1147,USW00094644,44.9281,-68.7006,38.7,ME,TOWN 2 W
1148,USW00094645,46.9600,-67.8833,224.6,ME,LIMESTONE 4 NNW
1149,USW00094700,44.5761,-71.1786,353.0,NH,NH BERLIN MUNI AP
1150,USW00094702,41.1583,-73.1289,1.5,CT,CT BRIDGEPORT SIKORSKY MEM
1151,USW00094704,42.5708,-77.7133,208.8,NY,NY DANSVILLE MUNI AP
1152,USW00094705,44.2033,-72.5794,343.2,VT,VT BARRE MONTPELIER AP
1153,USW00094720,41.6686,-70.2800,16.8,MA,MA HYANNIS BARNSTABLE MUNI AP
1154,USW00094723,42.7172,-71.1239,45.4,MA,LAWRENCE MUNI AP
1155,USW00094724,41.3931,-70.6150,20.7,MA,VINEYARD HAVEN AP
1156,USW00094725,44.9358,-74.8458,65.2,NY,MASSENA INTL AP
1157,USW00094726,41.6764,-70.9583,24.4,MA,NEW BEDFORD MUNI AP
1158,USW00094728,40.7789,-73.9692,39.6,NY,NEW YORK CNTRL PK TWR
1159,USW00094732,40.0819,-75.0111,30.5,PA,PHILADELPHIA NE AP
1160,USW00094740,44.3853,-74.2067,506.9,NY,SARANAC RGNL AP
1161,USW00094741,40.8500,-74.0614,2.7,NJ,TETERBORO AP
1162,USW00094745,41.0669,-73.7075,115.5,NY,WESTCHESTER CO AP
1163,USW00094746,42.2706,-71.8731,304.8,MA,MA WORCESTER RGNL AP
1164,USW00094765,43.6264,-72.3047,182.3,NH,LEBANON MUNI AP
1165,USW00094789,40.6386,-73.7622,3.4,NY,NEW YORK JFK INTL AP
1166,USW00094790,43.9922,-76.0217,96.9,NY,WATERTOWN INTL AP
1167,USW00094793,41.1667,-71.5833,33.5,RI,BLOCK ISLAND STATE AP
1168,USW00094794,43.1450,-75.3839,216.7,NY,ONEIDA CO AP
1169,USW00094814,44.3592,-84.6739,350.8,MI,MI HOUGHTON LK ROSCOMMON
1170,USW00094815,42.2347,-85.5519,264.6,MI,KALAMAZOO BATTLE CK INTL AP
1171,USW00094817,42.6650,-83.4181,297.5,MI,PONTIAC OAKLAND CO INTL AP
1172,USW00094818,42.7611,-87.8136,205.4,WI,RACINE BATTEN AP
1173,USW00094822,42.1928,-89.0931,222.5,IL,IL ROCKFORD GTR ROCKFORD
1174,USW00094823,40.4847,-80.2144,366.7,PA,PA PITTSBURGH INTL AP
1175,USW00094830,41.5886,-83.8014,203.9,OH,OH TOLEDO EXPRESS AP
1176,USW00094846,41.9950,-87.9336,200.6,IL,IL CHICAGO OHARE INTL AP
1177,USW00094847,42.2314,-83.3308,192.3,MI,MI DETROIT METRO AP
1178,USW00094849,45.0717,-83.5644,208.5,MI,ALPENA CO RGNL AP
1179,USW00094850,46.5311,-87.5483,430.1,MI,MI MARQUETTE
1180,USW00094855,43.9844,-88.5569,238.4,WI,OSHKOSH WITTMAN AP
1181,USW00094860,42.8939,-85.5447,237.1,MI,MI GRAND RAPIDS
1182,USW00094870,40.0397,-88.2778,229.8,IL,IL CHAMPAIGN WILLARD AP
1183,USW00094871,42.1244,-86.4267,196.0,MI,BENTON HARBOR AP
1184,USW00094889,42.2228,-83.7444,255.7,MI,ARBOR MUNI AP
1185,USW00094892,41.9144,-88.2464,229.8,IL,WEST CHICAGO DUPAGE AP
1186,USW00094893,45.8183,-88.1144,350.2,MI,MTN FORD AP
1187,USW00094895,40.2342,-85.3936,285.6,IN,MUNCIE DELAWARE CO AP
1188,USW00094898,44.0219,-82.7931,179.8,MI,PORT HOPE
1189,USW00094899,47.4667,-87.8833,190.8,MI,MI COPPER HARBOR
1190,USW00094908,42.3978,-90.7036,321.9,IA,IA DUBUQUE RGNL AP
1191,USW00094910,42.5544,-92.4011,264.6,IA,IA WATERLOO MUNI AP
1192,USW00094911,42.8783,-97.3633,359.7,SD,YANKTON 2 E
1193,USW00094918,41.3536,-96.0233,390.1,NE,OMAHA #1
1194,USW00094925,47.9667,-97.4000,276.1,ND,GRAND FORKS AF
1195,USW00094929,46.5486,-90.9189,251.8,WI,ASHLAND KENNEDY MEM AP
1196,USW00094931,47.3864,-92.8389,412.1,MN,MN HIBBING CHISHOLM HIBBING AP
1197,USW00094938,46.4047,-94.1308,372.2,MN,BRAINERD CROW WING CO AP
1198,USW00094943,43.7667,-99.3183,519.1,SD,SD CHAMBERLAIN MUNI AP
1199,USW00094946,41.4333,-99.6333,771.1,NE,BOW MUNI AP
1200,USW00094949,40.6044,-98.4272,591.3,NE,HASTINGS MUNI AP
1201,USW00094950,43.7667,-98.0333,397.2,SD,MITCHELL MUNI AP
1202,USW00094957,40.0803,-95.5919,298.7,NE,FALLS CITY BRENNER FLD
1203,USW00094958,41.6236,-98.9517,630.6,NE,ORD EVELYN SHARP FLD
1204,USW00094960,45.0619,-93.3508,262.4,MN,MPLS CRYSTAL AP
1205,USW00094961,48.7167,-94.6000,329.8,MN,BAUDETTE INTL AP
1206,USW00094963,44.8322,-93.4706,276.5,MN,MPLS FLYING CLOUD AP
1207,USW00094967,46.9006,-95.0678,437.1,MN,RAPIDS MUNI AP
1208,USW00094971,43.4075,-94.7461,401.4,IA,IA ESTHERVILLE MUNI AP
1209,USW00094973,46.0261,-91.4442,367.0,WI,HAYWARD MUNI AP
1210,USW00094978,41.7636,-96.1778,313.3,NE,TEKAMAH MUNI AP
1211,USW00094982,41.6117,-90.5808,229.8,IA,IA DAVENPORT
1212,USW00094985,44.6381,-90.1875,382.5,WI,MARSHFIELD MUNI AP
1213,USW00094988,42.1128,-92.9175,296.9,IA,IA MARSHALLTOWN MUNI AP
1214,USW00094989,41.9922,-93.6217,283.5,IA,MUNI AP
1215,USW00094990,43.3906,-99.8422,619.4,SD,WINNER WILEY FLD
1216,USW00094991,40.6331,-93.9019,344.7,IA,LAMONI MUNI AP
1217,USW00094992,47.7472,-90.3444,185.9,MN,GRAND MARAIS
1218,USW00094993,45.6689,-96.9914,353.9,SD,SISSETON MUNI AP
1219,USW00094994,43.1561,-90.6775,204.8,WI,BOSCOBEL AP
1220,USW00094995,40.8483,-96.5650,362.4,NE,LINCOLN 8 ENE
1221,USW00094996,40.6953,-96.8542,418.2,NE,LINCOLN 11 SW
