lat,lon,id,elevation,state,desc
39.5264,-107.7264,USW00003016,1685.5,CO,RIFLE GARFIELD CO AP
39.8328,-104.6575,USW00003017,1650.2,CO,CO DENVER INTL AP
35.695,-101.395,USW00003024,930.9,TX,BORGER HUTCHINSON CO AP
39.2447,-102.2842,USW00003026,1277.7,CO,CO BURLINGTON CARSON AP
35.0028,-105.6628,USW00003027,2159.8,NM,NM CLINES CORNERS
37.2833,-102.6139,USW00003028,1335.9,CO,CO SPRINGFIELD COMANCHE
35.6575,-109.0614,USW00003029,2054,AZ,WINDOW ROCK AP
36.6817,-101.5053,USW00003030,951.9,OK,GUYMON MUNI AP
31.9206,-102.3867,USW00003031,914.7,TX,TX ODESSA SCHLEMEYER FLD
30.0481,-102.2131,USW00003032,707.7,TX,DRYDEN TERRELL CO AP
31.6219,-102.8072,USW00003047,830.3,TX,MONAHANS 6 ENE
34.3558,-106.8858,USW00003048,1477.4,NM,SOCORRO 20 N
33.9558,-102.7739,USW00003054,1140.6,TX,MULESHOE 19 S
36.5992,-101.595,USW00003055,995.5,OK,GOODWELL 2 E
38.5439,-107.6928,USW00003060,2560.9,CO,MONTROSE 11 ENE
37.2553,-108.5036,USW00003061,2448.8,CO,CORTEZ 8 SE
35.8583,-106.5214,USW00003062,2656.6,NM,ALAMOS 13 W
37.8639,-103.8225,USW00003063,1336.9,CO,JUNTA 17 WSW
38.87,-100.9628,USW00003067,874.8,KS,OAKLEY 19 SSW
32.0408,-100.2494,USW00003072,608.7,TX,BRONTE 11 NNE
32.6136,-106.7414,USW00003074,1318.9,NM,CRUCES 20 N
34.0561,-117.6003,USW00003102,289.3,CA,ONTARIO INTL AP
35.1442,-111.6664,USW00003103,2134.5,AZ,AZ FLAGSTAFF PULLIAM AP
33.6267,-116.1594,USW00003104,-36,CA,DESERT RESORTS RGNL AP
33.8017,-118.3411,USW00003122,27.4,CA,TORRANCE AP
31.5883,-110.3442,USW00003124,1438.4,AZ,AZ FORT HUACHUCA
32.8356,-114.3942,USW00003125,98.8,AZ,AZ YUMA PROVING GROUND
32.8158,-117.1394,USW00003131,127.1,CA,CA SAN DIEGO MONTGOMERY FLD
32.8342,-115.5786,USW00003144,-17.7,CA,IMPERIAL CO AP
32.65,-114.6167,USW00003145,64.9,AZ,YUMA MCAS
33.3,-117.35,USW00003154,22.9,CA,CA CAMP PENDLETON MCAS
34.7411,-118.2117,USW00003159,712.6,CA,WM J FOX FLD
36.6206,-116.0278,USW00003160,984.5,NV,NV MERCURY DESERT ROCK AP
36.9261,-111.4478,USW00003162,1313.7,AZ,PAGE MUNI AP
32.6233,-116.4728,USW00003164,801.6,CA,CAMPO
33.8719,-117.9789,USW00003166,29.3,CA,FULLERTON MUNI AP
33.9228,-118.3342,USW00003167,19.2,CA,HAWTHORNE MUNI AP
39.6014,-116.0056,USW00003170,1809.3,NV,NV EUREKA AIRPORT
33.9519,-117.4386,USW00003171,245.4,CA,RIVERSIDE MUNI AP
33.1281,-117.2794,USW00003177,100,CA,CA CARLSBAD PALOMAR AP
32.5722,-116.9794,USW00003178,157,CA,SAN DIEGO BROWN FLD
33.9753,-117.6361,USW00003179,198.1,CA,AP
33.6883,-112.0817,USW00003184,443.5,AZ,PHOENIX DEER VALLEY MUNI AP
33.6228,-111.9106,USW00003192,449,AZ,SCOTTSDALE MUNI AP
35.9461,-112.1547,USW00003195,2013.5,AZ,CANYON NP AP
31.4208,-110.8458,USW00003196,1198.5,AZ,NOGALES INTL AP
33.1533,-79.3636,USW00003728,2.7,SC,SC MCCLELLANVILLE 7 NE
39.0131,-79.4742,USW00003733,1033.3,WV,ELKINS 21 ENE
37.2908,-75.9269,USW00003739,8.8,VA,CHARLES 5 ENE
39.645,-77.4681,USW00003749,563,MD,CAMP DAVID
38.1417,-76.4292,USW00003757,6.4,MD,ST INIGOES WEBSTER NOLF
35.9706,-79.0931,USW00003758,171.3,NC,DURHAM 11 W
37.9975,-78.4656,USW00003759,358.7,VA,VA CHARLOTTESVILLE 2 SSE
39.8592,-75.7861,USW00003761,121.9,PA,AVONDALE 2 N
39.2956,-80.2289,USW00003802,366.7,WV,WV CLARKSBURG BENEDUM AP
39.345,-81.4392,USW00003804,253.3,WV,WV PARKERSBURG WOOD CO AP
36.0003,-89.41,USW00003809,91.4,TN,DYERSBURG III GOLF
35.7425,-81.3819,USW00003810,348.4,NC,NC HICKORY FAA AP
35.5931,-88.9167,USW00003811,132,TN,TN JACKSON MCKELLAR AP
35.4319,-82.5375,USW00003812,645.3,NC,NC ASHEVILLE RGNL AP
32.6847,-83.6528,USW00003813,104.5,GA,MACON MIDDLE GA RGNL AP
37.0683,-88.7719,USW00003816,119.5,KY,KY PADUCAH
30.8356,-85.1839,USW00003818,34.4,FL,FL MARIANNA MUNI AP
33.3644,-81.9633,USW00003820,40.2,GA,GA AUGUSTA BUSH FLD AP
32.13,-81.21,USW00003822,14,GA,GA SAVANNAH INTL AP
36.0028,-84.2486,USW00003841,275.8,TN,OAK RIDGE ATDD
35.9508,-85.0814,USW00003847,569.1,TN,TN CROSSVILLE MEM AP
37.0872,-84.0769,USW00003849,362.1,KY,KY LONDON CORBIN AP
31.2667,-85.7167,USW00003850,91.1,AL,CAIRNS FLD FT RUCKER
30.4167,-86.6833,USW00003852,11.9,FL,FL VALPARAISO HURLBURT FLD
30.4,-81.4167,USW00003853,4.9,FL,MAYPORT PILOT STN
30.35,-87.3167,USW00003855,8.5,FL,FL PENSACOLA FOREST SHERMAN NAS
34.6439,-86.7861,USW00003856,190.2,AL,AL HUNTSVILLE INTL AP
37.2958,-81.2078,USW00003859,874.8,WV,BLUEFIELD MERCER CO AP
38.365,-82.555,USW00003860,251.2,WV,WV HUNTINGTON TRI STATE AP
32.55,-88.5667,USW00003866,82.6,MS,MERIDIAN NAAS
39.4519,-87.3089,USW00003868,175.3,IN,TERRE HAUTE HULMAN RGNL AP
34.8831,-82.2203,USW00003870,286.5,SC,GREER
37.7836,-81.1231,USW00003872,766.3,WV,WV BECKLEY RALEIGH CO AP
31.8606,-86.0122,USW00003878,121,AL,MUNI AP
32.8661,-87.2383,USW00003881,137.2,AL,AL CENTREVILLE 6 SW
30.2119,-85.6828,USW00003882,6.4,FL,CITY BAY CO AP
39.8344,-88.8656,USW00003887,205.7,IL,DECATUR AP
33.7792,-84.5214,USW00003888,256,GA,ATLANTA FULTON CO AP
37.5908,-83.3131,USW00003889,415.7,KY,KY JACKSON
39.1333,-86.6167,USW00003893,257.3,IN,IN BLOOMINGTON MONROE CO AP
36.6239,-87.4194,USW00003894,170.7,TN,TN CLARKSVILLE OUTLAW AP
32.3847,-94.7117,USW00003901,111.3,TX,LONGVIEW E TX RGNL AP
31.0667,-97.8333,USW00003902,309.4,TX,ROBERT GRAY AAF
30.5892,-96.3647,USW00003904,93,TX,TX COLLEGE STN
38.8,-97.65,USW00003919,386.8,KS,SALINA MUNI AP
37.6167,-97.2667,USW00003923,413.9,KS,KS WICHITA MCCONNELL AFB
32.8978,-97.0189,USW00003927,170.7,TX,DALLAS FT WORTH AP
37.6544,-97.4425,USW00003928,406.9,KS,KS WICHITA
34.9167,-92.15,USW00003930,103,AR,LITTLE ROCK AFB
31.05,-93.1833,USW00003931,100.6,LA,FT POLK AAF
35.21,-99.12,USW00003932,585.8,OK,CLINTON SHERMAN AP
31.1333,-97.7167,USW00003933,281.6,TX,FT HOOD
37.2253,-89.5706,USW00003935,102.4,MO,MO CAPE GIRARDEAU MUNI AP
39.1353,-96.6778,USW00003936,322.2,KS,MANHATTAN MUNI AP
30.125,-93.2158,USW00003937,4,LA,LA LAKE CHARLES
32.3206,-90.0778,USW00003940,100.6,MS,MS JACKSON INTL AP
38.8169,-92.2183,USW00003945,272.2,MO,MO COLUMBIA RGNL AP
39.2972,-94.7306,USW00003947,306.3,MO,MO KANSAS CITY INTL AP
31.4,-93.2833,USW00003949,111.3,LA,LA PEASON RIDGE RANGE
34.5583,-98.4172,USW00003950,325.8,OK,LAWTON MUNI AP
32.35,-94.65,USW00003951,124.1,TX,TX LONGVIEW WSMO
34.8364,-92.2619,USW00003952,173.1,AR,AR LITTLE ROCK
35.8311,-90.6464,USW00003953,79.9,AR,JONESBORO MUNI AP
35.5342,-97.6469,USW00003954,395.3,OK,OKLAHOMA CITY POST AP
37.2839,-98.5528,USW00003957,467.9,KS,KS MEDICINE LODGE
36.7683,-96.0261,USW00003959,217.9,OK,BARTLESVILLE F P FLD
38.5714,-90.1572,USW00003960,125.9,IL,CAHOKIA ST LOUIS AP
34.29,-93.06,USW00003962,163.1,AR,HOT SPRINGS ASOS
38.5911,-92.1558,USW00003963,174.7,MO,JEFFERSON CITY MEM AP
36.1625,-97.0894,USW00003965,299.9,OK,STILLWATER RGNL AP
38.6572,-90.6558,USW00003966,140.8,MO,OF S L AP
38.85,-94.7392,USW00003967,326.1,KS,OLATHE JOHNSON CO EXEC AP
32.2314,-98.2319,USW00003969,393.2,TX,TX STEPHENVILLE
32.6808,-96.8681,USW00003971,200.6,TX,DALLAS REDBIRD AP
37.7461,-97.2211,USW00003974,433.1,KS,WICHITA JABARA AP
36.7725,-90.3247,USW00003975,99.7,MO,MO POPLAR BLUFF MUNI AP
34.3622,-98.9761,USW00003981,386.2,OK,ALTUS AFB
33.2061,-97.1989,USW00003991,195.7,TX,DENTON MUNI AP
38.7042,-93.1833,USW00003994,274.3,MO,SEDALIA MEM AP
32.35,-91.0278,USW00003996,26.2,LA,LA TALLULAH VICKSBURG AP
39.0083,-95.2117,USW00003997,253.6,KS,LAWRENCE MUNI AP
37.3278,-95.5042,USW00003998,264.9,KS,PARSONS TRI CITY AP
30.7406,-98.2353,USW00003999,392.6,TX,BURNET MUNI AP
46.1442,-115.5964,USW00004109,451.1,ID,ID LOWELL THREE RIVERS
42.7267,-114.4564,USW00004110,1233.8,ID,CO AP
41.2731,-111.0306,USW00004111,2183.3,WY,EVANSTON BURNS FLD
44.1708,-114.9272,USW00004112,1979.7,ID,STANLEY RS
45.8258,-119.2611,USW00004113,195.4,OR,HERMISTON MUNI AP
44.5228,-114.215,USW00004114,1534.1,ID,CHALLIS AP
44.5561,-119.6458,USW00004125,684.3,OR,DAY 35 WNW
43.4622,-113.5561,USW00004126,1804.4,ID,ARCO 17 SW
43.2044,-116.7506,USW00004127,1204,ID,MURPHY 10 W
43.4711,-119.6917,USW00004128,1396.9,OR,RILEY 10 WSW
48.7411,-113.4331,USW00004130,1388.4,MT,MARY 1 SSW
43.6614,-110.7119,USW00004131,1970.8,WY,MOOSE 1 NNE
40.1606,-113.3508,USW00004134,1310.6,UT,GRANITE PEAK DUGWAY PG
47.4175,-117.5264,USW00004136,691,WA,SPOKANE 17 SSW
45.1581,-113.0058,USW00004137,1820,MT,DILLON 18 WSW
41.6164,-112.5436,USW00004138,1509.1,UT,BRIGHAM CITY 28 WNW
41.8483,-119.6358,USW00004139,1981.2,NV,DENIO 52 WSW
46.8847,-110.2894,USW00004140,1545.3,MT,LEWISTOWN 42 WSW
43.2717,-124.3186,USW00004141,3.7,OR,BAY 8 SW
45.7728,-122.8611,USW00004201,16.8,OR,SCAPPOOSE IND AP
40.6508,-122.6067,USW00004222,432.2,CA,REDDING 12 WNW
48.5406,-121.4461,USW00004223,124.1,WA,DARRINGTON 21 NNE
44.4186,-123.3258,USW00004236,95.1,OR,CORVALLIS 10 SSW
47.5139,-123.812,USW00004237,87.2,WA,QUINAULT 4 NE
43.1072,-78.9453,USW00004724,178.3,NY,NIAGARA FALLS INTL AP
42.1997,-75.985,USW00004725,489.5,NY,NY BINGHAMTON
40.3161,-78.8339,USW00004726,696.2,PA,JOHNSTOWN CAMBRIA CO AP
43.0833,-70.8167,USW00004743,39,NH,NH PORTSMOUTH PEASE AFB
41.8031,-78.6403,USW00004751,645.3,PA,BRADFORD RGNL AP
42.5519,-71.7558,USW00004780,106.1,MA,FITCHBURG MUNI AP
40.7939,-73.1017,USW00004781,25.6,NY,NY ISLIP LI MACARTHUR AP
41.1783,-78.8989,USW00004787,552.9,PA,DUBOIS JEFFERSON CO AP
41.5092,-74.265,USW00004789,111.3,NY,NY MONTGOMERY ORANGE AP
45.6308,-89.4653,USW00004803,487.4,WI,WI RHINELANDER ONEIDA AP
40.0781,-83.0781,USW00004804,275.8,OH,COLUMBUS OHIO STATE UNIV AP
41.77,-88.4814,USW00004808,216.4,IL,CHICAGO AURORA MUNI AP
44.3592,-89.8369,USW00004826,310.6,WI,WI WISCONSIN RAPIDS ALEXANDER
47.2856,-68.3133,USW00004836,301.1,ME,ME FRENCHVILLE AROOSTOOK AP
42.1208,-87.9047,USW00004838,193.9,IL,IL CHICAGO PALWAUKEE AP
42.7461,-86.0967,USW00004839,210,MI,HOLLAND TULIP CITY AP
43.77,-88.4864,USW00004840,246.6,WI,LAC CO AP
43.7694,-87.8506,USW00004841,227.4,WI,SHEBOYGAN CO MEM AP
40.8731,-81.8867,USW00004842,346.6,OH,WOOSTER WAYNE CO AP
41.6264,-80.215,USW00004843,426.7,PA,PORT MEADVILLE AP
42.595,-87.9381,USW00004845,226.5,WI,KENOSHA RGNL AP
41.4525,-87.0058,USW00004846,234.7,IN,VALPARAISO PORTER CO MUNI AP
41.8678,-84.0794,USW00004847,242.6,MI,ADRIAN LENAWEE CO AP
41.5631,-83.4764,USW00004848,189.6,OH,TOLEDO METCALF FLD
41.3461,-82.1794,USW00004849,242,OH,ELYRIA LORAIN CO AP
40.7083,-84.0267,USW00004850,297.2,OH,ALLEN CO AP
41.3375,-84.4289,USW00004851,215.8,OH,DEFIANCE MEM AP
40.4719,-81.4236,USW00004852,272.8,OH,OH NEW PHILADELPHIA FLD
41.5175,-81.6836,USW00004853,178,OH,CLEVELAND BURKE AP
45.0133,-84.7014,USW00004854,406.9,MI,GAYLORD OTSEGO CO AP
40.6161,-83.0636,USW00004855,303,OH,MARION MUNI AP
41.7781,-80.6958,USW00004857,281.6,OH,ASHTABULA CO AP
40.0228,-82.4625,USW00004858,269.4,OH,NEWARK HEATH AP
43.7347,-96.6222,USW00004990,485.9,SD,FALLS 14 NNE
48.3056,-95.8744,USW00004994,350.5,MN,GOODRIDGE 12 NNW
27.85,-82.5167,USW00012810,7.9,FL,FL MACDILL AFB
26.9172,-81.9914,USW00012812,7.6,FL,PUNTA GORDA CHARLOTTE CO AP
28.4339,-81.325,USW00012815,27.4,FL,FL ORLANDO INTL AP
29.6919,-82.2756,USW00012816,37.5,FL,FL GAINESVILLE RGNL AP
28.4736,-82.4544,USW00012818,23.5,FL,FL BROOKSVILLE HERNANDO CO AP
28.8208,-81.8097,USW00012819,23.5,FL,LEESBURG MUNI AP
25.4833,-80.3833,USW00012826,4.9,FL,HOMESTEAD AFB
29.7333,-85.0333,USW00012832,5.8,FL,FL APALACHICOLA AP
29.6333,-83.1053,USW00012833,11.6,FL,CROSS CITY AP
29.1828,-81.0483,USW00012834,9.4,FL,FL DAYTONA BEACH INTL AP
26.585,-81.8614,USW00012835,4.6,FL,MYERS PAGE FLD AP
24.555,-81.7522,USW00012836,1.2,FL,KEY WEST INTL AP
28.1011,-80.6439,USW00012838,8.2,FL,FL MELBOURNE INTL AP
25.7906,-80.3164,USW00012839,8.8,FL,MIAMI INTL AP
28.5453,-81.3331,USW00012841,32.9,FL,FL ORLANDO EXECUTIVE AP
27.9619,-82.5403,USW00012842,5.8,FL,FL TAMPA INTL AP
27.6531,-80.2428,USW00012843,8.5,FL,VERO BEACH INTL AP
26.6847,-80.0994,USW00012844,5.8,FL,WEST PALM BEACH INTL AP
26.0719,-80.1536,USW00012849,3.4,FL,FL FT LAUDERDALE HOLLYWOOD
24.5833,-81.6833,USW00012850,1.8,FL,WEST NAS
28.7797,-81.2436,USW00012854,16.8,FL,ORLANDO SANFORD AP
25.7167,-80.2833,USW00012859,4.6,FL,MIAMI WSO CITY
27.4014,-82.5586,USW00012871,8.5,FL,FL SARASOTA BRADENTON AP
27.9106,-82.6875,USW00012873,3.4,FL,ST PETERSBURG INTL AP
28.0622,-81.7542,USW00012876,44.5,FL,WINTER HAVEN GILBERT AP
25.9069,-80.2803,USW00012882,3,FL,OPA LOCKA AP
28.0206,-81.9219,USW00012883,44.2,FL,LAKELAND
29.3331,-89.4075,USW00012884,0.9,LA,LA BOOTHVILLE ASOS
26.1969,-80.1708,USW00012885,4.3,FL,FL FT LAUDERDALE EXECUTIVE AP
25.6475,-80.4331,USW00012888,3,FL,FL MIAMI KENDALL TAMIAMI EXEC
26.5361,-81.755,USW00012894,9.4,FL,SW FL RGNL AP
27.4981,-80.3767,USW00012895,7.3,FL,PIERCE ST LUCIE CO INTL
24.7258,-81.0517,USW00012896,2.4,FL,MARATHON AP
26.1522,-81.7753,USW00012897,2.7,FL,NAPLES MUNI AP
26.2281,-97.6542,USW00012904,10.4,TX,HARLINGEN RIO GRANDE AP
29.6167,-95.1667,USW00012906,11.9,TX,TX HOUSTON ELLINGTON AFB
29.3833,-98.5833,USW00012909,207.9,TX,SAN ANTONIO KELLY AFB
29.5439,-98.2736,USW00012911,231.6,TX,RANDOLPH AFB
28.8614,-96.9303,USW00012912,35.1,TX,TX VICTORIA RGNL AP
29.9933,-90.2511,USW00012916,1.2,LA,LA NEW ORLEANS INTL AP
29.9506,-94.0206,USW00012917,4.9,TX,PORT ARTHUR SE TX AP
29.6381,-95.2819,USW00012918,13.4,TX,TX HOUSTON HOBBY AP
25.9156,-97.4186,USW00012919,7,TX,TX BROWNSVILLE
29.5442,-98.4839,USW00012921,240.5,TX,SAN ANTONIO INTL AP
29.2733,-94.8592,USW00012923,1.5,TX,TX GALVESTON SCHOLES FLD
27.7839,-97.5108,USW00012924,13.7,TX,TX CORPUS CHRISTI
28.3667,-97.6667,USW00012925,60,TX,TX BEEVILLE CHASE NAAS
27.6833,-97.2833,USW00012926,5.5,TX,CORPUS CHRISTI NAS
27.5,-97.8167,USW00012928,17.1,TX,TX KINGSVILLE NAAS
29.9167,-90.1303,USW00012930,6.1,LA,NEW ORLEANS AUDUBON
27.7411,-98.0247,USW00012932,52.7,TX,INTL AP
28.7247,-96.2536,USW00012935,3.7,TX,PALACIOS MUNI AP
29.3,-94.8,USW00012944,2.1,TX,TX GALVESTON
28.4567,-99.2183,USW00012947,145.1,TX,LA SALLE CO AP
26.1658,-97.3458,USW00012957,5.8,TX,PORT ISABEL CAMERON AP
29.8167,-90.0167,USW00012958,1.5,LA,LA NEW ORLEANS ALVIN CALLENDER
26.1839,-98.2539,USW00012959,30.5,TX,MCALLEN MILLER INTL AP
29.98,-95.36,USW00012960,29,TX,TX HOUSTON INTERCONT AP
29.36,-99.1742,USW00012962,280.4,TX,MUNI AP
29.5622,-91.5256,USW00012968,1.2,LA,SALT POINT
29.3389,-98.4719,USW00012970,174,TX,SAN ANTONIO STINSON AP
29.7036,-98.0281,USW00012971,192.9,TX,AUSTIN SAN ANTONIO
28.0836,-97.0464,USW00012972,6.7,TX,ROCKPORT ARANSAS CO AP
29.5189,-95.2417,USW00012975,13.4,TX,HOUSTON CLOVER FLD
29.1097,-95.4619,USW00012976,7.6,TX,TX ANGLETON BRAZORIA AP
29.6222,-95.6564,USW00012977,25,TX,TX HOUSTON SUGARLAND MEM
26.5258,-98.0633,USW00012987,19.5,TX,EDINBURG 17 NNE
39.8667,-93.1469,USW00013301,253.9,MO,CHILLICOTHE 22 ENE
39.4717,-76.1697,USW00013701,17.4,MD,MD ABERDEEN PHILLIPS FLD
37.0833,-76.35,USW00013702,3,VA,VA LANGLEY AFB
38.8167,-76.8667,USW00013705,86,MD,MD CAMP SPRINGS ANDREWS
39.1333,-75.4667,USW00013707,7,DE,DOVER AFB
35.3444,-77.9647,USW00013713,33.2,NC,GOLDSBORO 4 SE
35.1739,-79.0089,USW00013714,66.4,NC,POPE AFB
38.3,-76.4167,USW00013721,11.9,MD,MD PATUXENT RIVER NAS
35.8922,-78.7819,USW00013722,126.8,NC,NC RALEIGH DURHAM INTL
36.0969,-79.9433,USW00013723,271.3,NC,NC PIEDMONT TRIAD INTL AP
39.3792,-74.4242,USW00013724,3,NJ,ATLANTIC CITY
36.5728,-79.3361,USW00013728,174,VA,DANVILLE RGNL AP
38.8853,-79.8528,USW00013729,603.2,WV,WV ELKINS RANDOLPH CO AP
37.3208,-79.2067,USW00013733,286.5,VA,VA LYNCHBURG RGNL AP
39.4019,-77.9844,USW00013734,162.8,WV,E WV RGNL AP
39.3667,-75.0667,USW00013735,21.3,NJ,MILLVILLE MUNI AP
39.6428,-79.9164,USW00013736,378,WV,WV MORGANTOWN HART FLD
36.9033,-76.1922,USW00013737,9.1,VA,VA NORFOLK INTL AP
39.8683,-75.2311,USW00013739,3,PA,PA PHILADELPHIA INTL AP
37.505,-77.3203,USW00013740,50,VA,VA RICHMOND INTL AP
37.3169,-79.9742,USW00013741,358.1,VA,VA ROANOKE RGNL AP
38.8483,-77.0342,USW00013743,3,VA,VA WASHINGTON REAGAN AP
34.1853,-79.7239,USW00013744,44.5,SC,FLORENCE RGNL AP
35.2167,-75.7167,USW00013745,4.6,NC,HATTERAS
34.2675,-77.8997,USW00013748,10.1,NC,NC WILMINGTON INTL AP
36.95,-76.2833,USW00013750,5.2,VA,NORFOLK NAS
38.9833,-76.4667,USW00013752,2.4,MD,ANNAPOLIS NAF
34.9,-76.8833,USW00013754,8.8,NC,NC CHERRY POINT MCAS
36.695,-76.1356,USW00013762,4.9,VA,FENTRESS NAAS
38.6892,-75.3592,USW00013764,15.5,DE,GEORGETOWN SUSSEX CO AP
35.9172,-75.7,USW00013766,4,NC,MANTEO AP
36.8167,-76.0333,USW00013769,7,VA,OCEANA NAS
38.5,-77.3,USW00013773,3,VA,QUANTICO MCAS
34.6081,-79.0592,USW00013776,36.9,NC,LUMBERTON MUNI AP
39.2833,-76.6167,USW00013777,4.3,MD,MD BALTIMORE CUSTOMS HOUSE
39.95,-75.15,USW00013779,7.9,PA,PA PHILADELPHIA CITY
39.6728,-75.6008,USW00013781,24.1,DE,DE WILMINGTON NEW CASTLE CO
32.78,-79.9319,USW00013782,3,SC,SC CHARLESTON CITY
36.2606,-76.175,USW00013786,4,NC,NC ELIZABETH CITY CGAS
38.52,-89.8467,USW00013802,137.2,IL,IL BELLEVILLE SIU RSCH
36.6667,-87.4833,USW00013806,173.1,KY,KY FT CAMPBELL AAF
37.9,-85.9667,USW00013807,224,KY,GODMAN AFBU FT KNOX
38.7642,-87.6056,USW00013809,130.8,IL,IL LAWRENCEVILLE INTL AP
38.2281,-85.6636,USW00013810,164.6,KY,KY LOUISVILLE BOWMAN FLD
30.4167,-88.9167,USW00013820,7.9,MS,BILOXI KEESLER AFB
32.0167,-81.1333,USW00013824,17.1,GA,GA SAVANNAH HUNTER FLD
33.65,-88.45,USW00013825,68,MS,COLUMBUS AFB
32.35,-85,USW00013829,88.1,GA,GA FT BENNING LAWSON FLD
31.2819,-89.2531,USW00013833,46,MS,MS HATTIESBURG CHAIN MUNI
33.4669,-82.0386,USW00013837,128.9,GA,AUGUSTA DANIEL FLD AP
30.6264,-88.0681,USW00013838,7.9,AL,MOBILE DWTN AP
31.3214,-85.4497,USW00013839,112.8,AL,DOTHAN RGNL AP
39.8333,-84.05,USW00013840,250.9,OH,OH WRIGHT PATTERSON AFB
39.4203,-83.8217,USW00013841,321.9,OH,OH CINCINNATI
30.0667,-85.5833,USW00013846,7,FL,FL TYNDALL AFB
33.9667,-80.4667,USW00013849,74.1,SC,SC SUMTER SHAW AFB
30.9667,-83.2,USW00013857,73.2,GA,GA VALDOSTA MOODY AFB
30.4833,-86.5167,USW00013858,18,FL,FL VALPARAISO EGLIN AFB
32.6333,-83.6,USW00013860,92,GA,WARNER ROBINS AFB
31.25,-82.4,USW00013861,42.7,GA,GA WAYCROSS WSMO
32.3347,-88.7442,USW00013865,89.6,MS,MS MERIDIAN KEY FLD
38.3794,-81.59,USW00013866,277.4,WV,WV CHARLESTON YEAGER AP
39.2811,-81.5572,USW00013867,189,WV,WV PARKERSBURG
31.5356,-84.1944,USW00013869,57.9,GA,ALBANY SW GA RGNL AP
31.5358,-82.5067,USW00013870,58.8,GA,ALMA BACON CO AP
33.5872,-85.8556,USW00013871,181.1,AL,ANNISTON METRO AP
35.5953,-82.5567,USW00013872,682.1,NC,NC ASHEVILLE
33.9481,-83.3275,USW00013873,239.3,GA,ATHENS BEN EPPS AP
33.63,-84.4417,USW00013874,307.8,GA,GA ATLANTA HARTSFIELD INTL
33.5656,-86.745,USW00013876,187.5,AL,AL BIRMINGHAM AP
36.4731,-82.4044,USW00013877,457.2,TN,TN BRISTOL TRI CITY AP
31.1522,-81.3908,USW00013878,4.9,GA,GA BRUNSWICK MALCOLM MCKINNON
32.8986,-80.0403,USW00013880,12.2,SC,SC CHARLESTON INTL AP
35.2236,-80.9553,USW00013881,221.9,NC,NC CHARLOTTE DOUGLAS AP
35.0311,-85.2014,USW00013882,204.5,TN,TN CHATTANOOGA LOVELL
33.9486,-81.1186,USW00013883,70.4,SC,SC COLUMBIA
30.7797,-86.5225,USW00013884,57.9,FL,CRESTVIEW BOB SIKES AP
34.8461,-82.3461,USW00013886,319.4,SC,GREENVILLE DWTN AP
30.4844,-81.7019,USW00013889,10.1,FL,FL JACKSONVILLE
35.8181,-83.9858,USW00013891,293.2,TN,TN KNOXVILLE MCGHEE TYSON
35.0564,-89.9864,USW00013893,77.4,TN,TN MEMPHIS INTL AP
30.6794,-88.2397,USW00013894,63.4,AL,AL MOBILE
32.2997,-86.4075,USW00013895,61.6,AL,AL MONTGOMERY AP
34.7442,-87.5997,USW00013896,164.6,AL,MUSCLE SHOALS RGNL AP
36.1189,-86.6892,USW00013897,182.9,TN,TN NASHVILLE INTL AP
30.4781,-87.1869,USW00013899,34.1,FL,FL PENSACOLA RGNL AP
30.1831,-97.68,USW00013904,146.3,TX,TX AUSTIN BERGSTROM AP
32.7667,-97.45,USW00013911,185.3,TX,WORTH NAS
35.4167,-97.3833,USW00013919,384,OK,OK OKLAHOMA CITY TINKER
38.9503,-95.6639,USW00013920,325.2,KS,TOPEKA FORBES FLD
32.3367,-90.2214,USW00013927,104.2,MS,MS JACKSON HAWKINS FLD
38.7167,-93.55,USW00013930,255.1,MO,WHITEMAN AFB
37.1681,-97.0369,USW00013932,350.5,KS,KS WINFIELD STROTHER FLD AP
31.3928,-92.2956,USW00013935,34.1,LA,LA ALEXANDRIA ESLER RGNL AP
33.4825,-90.9853,USW00013939,39,MS,MS GREENVILLE ASOS
32.5156,-92.0406,USW00013942,24.1,LA,MONROE RGNL AP
32.5,-93.6667,USW00013944,53.9,LA,LA SHREVEPORT BARKSDALE AFB
32.4506,-93.8411,USW00013957,83.2,LA,LA SHREVEPORT
30.3208,-97.7603,USW00013958,204.2,TX,TX AUSTIN-CAMP MABRY
31.6189,-97.2283,USW00013959,152.4,TX,WACO RGNL AP
32.8519,-96.8556,USW00013960,134.1,TX,TX DALLAS LOVE FLD
32.8192,-97.3614,USW00013961,209.4,TX,TX FT WORTH MEACHAM FLD
32.4106,-99.6822,USW00013962,545.6,TX,TX ABILENE RGNL AP
34.7272,-92.2389,USW00013963,78.6,AR,LITTLE ROCK AP ADAMS FLD
35.3331,-94.3625,USW00013964,136.9,AR,AR FT SMITH RGNL AP
33.9786,-98.4928,USW00013966,310,TX,TX WICHITA FALLS MUNI AP
35.3889,-97.6006,USW00013967,391.7,OK,OK OKLAHOMA CITY WILL
36.1994,-95.8872,USW00013968,198.1,OK,TULSA INTL AP
36.7367,-97.1019,USW00013969,304.8,OK,PONCA CITY MUNI AP
30.5372,-91.1469,USW00013970,19.5,LA,ROUGE RYAN AP
36.2667,-93.1567,USW00013971,418.8,AR,AR HARRISON BOONE CO AP
32.3542,-95.4025,USW00013972,165.8,TX,TYLER POUNDS FLD
30.5108,-99.7664,USW00013973,533.1,TX,TX JUNCTION KIMBLE CO AP
36.2967,-99.7689,USW00013975,667.8,OK,GAGE AP
30.205,-91.9875,USW00013976,11.6,LA,LAFAYETTE RGNL AP
33.4536,-94.0075,USW00013977,110,AR,TEXARKANA WEBB FLD
33.4964,-90.0867,USW00013978,40.5,MS,MS GREENWOOD LEFLORE AP
37.155,-98.0283,USW00013980,408.4,KS,ANTHONY
37.6703,-95.4842,USW00013981,300.2,KS,KS CHANUTE MARTIN JOHNSON AP
39.5514,-97.6508,USW00013984,447.8,KS,KS CONCORDIA MUNI AP
37.7608,-99.9683,USW00013985,789.4,KS,KS DODGE CITY
38.0653,-97.8606,USW00013986,470.3,KS,HUTCHINSON MUNI AP
37.1467,-94.5022,USW00013987,298.7,MO,MO JOPLIN REGIONAL AIRPORT
39.1208,-94.5969,USW00013988,226.2,MO,KANSAS CITY DOWNTOWN AP
38.3306,-96.1897,USW00013989,368.5,KS,EMPORIA MUNI AP
39.1342,-93.2225,USW00013991,240.8,MO,MARSHALL
39.7736,-94.9233,USW00013993,249.3,MO,MO ST JOSEPH ROSECRANS AP
38.7525,-90.3736,USW00013994,161.8,MO,MO ST LOUIS LAMBERT INTL
37.2353,-93.4003,USW00013995,389.5,MO,MO SPRINGFIELD
39.0725,-95.6261,USW00013996,267,KS,KS TOPEKA MUNI AP
38.1311,-91.7683,USW00013997,343.5,MO,MO VICHY ROLLA NATIONAL AP
44.3206,-69.7972,USW00014605,106.7,ME,AUGUSTA STATE AP
44.7978,-68.8186,USW00014606,45.1,ME,ME BANGOR INTL AP
46.8706,-68.0172,USW00014607,190.2,ME,ME CARIBOU MUNI AP
46.1236,-67.7928,USW00014609,145.1,ME,HOULTON INTL AP
45.6478,-68.6925,USW00014610,123.7,ME,ME MILLINOCKET MUNI AP
43.9,-69.9333,USW00014611,21.3,ME,ME BRUNSWICK NAS
42.47,-71.2894,USW00014702,40.5,MA,MA BEDFORD HANSCOM FLD
40.0167,-74.6,USW00014706,45.1,NJ,MCGUIRE AFB
41.3275,-72.0494,USW00014707,3,CT,GROTON NEW LONDON AP
42.9333,-71.4383,USW00014710,68.6,NH,MANCHESTER AP
40.1936,-76.7633,USW00014711,95.1,PA,PA MIDDLETOWN HARRISBURG
40.3667,-75.9667,USW00014712,103.9,PA,READING SPAATZ FLD
44.05,-75.7333,USW00014715,214,NY,NY WHEELER SACK FLD AAF
43.2333,-75.4,USW00014717,158.2,NY,GRIFFISS AFB
40.8436,-72.6322,USW00014719,20.4,NY,NY WESTHAMPTN GABRESKI AP
40.7794,-73.8803,USW00014732,3.4,NY,NY NEW YORK LAGUARDIA AP
42.9486,-78.7369,USW00014733,211.2,NY,NY BUFFALO
40.6825,-74.1694,USW00014734,2.1,NJ,NJ NEWARK INTL AP
42.7431,-73.8092,USW00014735,95.1,NY,ALBANY AP
40.2964,-78.3203,USW00014736,451.1,PA,ALTOONA BLAIR CO AP
40.6508,-75.4492,USW00014737,118.9,PA,PA ALLENTOWN INTL AP
42.3606,-71.0106,USW00014739,3.7,MA,MA BOSTON LOGAN INTL AP
41.9381,-72.6825,USW00014740,57.9,CT,CT HARTFORD BRADLEY INTL
44.4683,-73.15,USW00014742,100.6,VT,VT BURLINGTON INTL AP
44.5772,-75.1097,USW00014743,136.6,NY,CANTON 4 SE
43.1953,-71.5011,USW00014745,105.5,NH,NH CONCORD MUNI AP
42.4933,-79.2722,USW00014747,203,NY,NY DUNKIRK CHAUTAUQUA AP
42.1594,-76.8919,USW00014748,291.1,NY,ELMIRA CORNING RGNL AP
43.35,-73.6167,USW00014750,97.8,NY,NY GLENS FALLS AP
40.2172,-76.8514,USW00014751,103.6,PA,PA HARRISBURG CPTL CY AP
41.7361,-72.6506,USW00014752,5.8,CT,CT HARTFORD BRAINARD FLD
42.2122,-71.1136,USW00014753,190.5,MA,BLUE HILL
41.1386,-75.2225,USW00014754,584,PA,TOBYHANNA POCONO MTN AP
44.2667,-71.2994,USW00014755,1910.2,NH,NH MT WASHINGTON
41.2531,-70.0608,USW00014756,13.7,MA,NANTUCKET MEM AP
41.6267,-73.8842,USW00014757,50.6,NY,NY POUGHKEEPSIE DUTCHESS CO AP
41.2639,-72.8872,USW00014758,0.9,CT,HAVEN TWEED AP
40.9167,-78.0667,USW00014761,592.8,PA,PHILIPSBURG 8 E
40.3547,-79.9217,USW00014762,380.4,PA,PA PITTSBURGH ALLEGHENY CO AP
42.4272,-73.2892,USW00014763,363.9,MA,PITTSFIELD MUNI AP
43.6497,-70.3003,USW00014764,13.7,ME,ME PORTLAND INTL JETPORT
41.7219,-71.4325,USW00014765,18.3,RI,PROVIDENCE T F GREEN AP
43.1167,-77.6767,USW00014768,162.5,NY,NY ROCHESTER GTR INTL AP
40.8206,-76.8642,USW00014770,135.3,PA,SELINSGROVE PENN VLY AP
43.1111,-76.1039,USW00014771,125.9,NY,NY SYRACUSE HANCOCK INTL AP
42.1578,-72.7161,USW00014775,82.6,MA,MA WESTFIELD BARNES MUNI AP
41.3336,-75.7269,USW00014777,283.5,PA,PA WILKES-BARRE INTL AP
41.2433,-76.9217,USW00014778,158.5,PA,PA WILLIAMSPORT
41.5333,-71.2833,USW00014787,52.4,RI,NEWPORT STATE AP
42.15,-70.9333,USW00014790,47.9,MA,SOUTH WEYMOUTH NAS
40.2769,-74.8158,USW00014792,56.1,NJ,TRENTON MERCER CO AP
40.2,-75.15,USW00014793,110,PA,WILLOW GROVE NAS
41.3497,-71.7989,USW00014794,24.7,RI,WESTERLY STATE AP
42.6083,-82.8183,USW00014804,176.8,MI,CLEMENS ANG BASE
40.3131,-88.1594,USW00014806,225.6,IL,RANTOUL
41.0375,-81.4642,USW00014813,318.2,OH,AKRON FULTON INTL AP
45.0606,-83.4281,USW00014814,179.8,MI,ALPENA WWTP
42.3075,-85.2511,USW00014815,282.9,MI,BATTLE CREEK KELLOGG AP
44.2656,-85.3967,USW00014817,394.7,MI,CADILLAC
41.7861,-87.7522,USW00014819,186.5,IL,IL CHICAGO MIDWAY AP
41.4131,-81.86,USW00014820,232.6,OH,OH CLEVELAND
39.9914,-82.8808,USW00014821,246.9,OH,OH COLUMBUS PORT COLUMBUS
42.4092,-83.01,USW00014822,190.8,MI,DETROIT CITY AP
45.7181,-87.0939,USW00014824,179.8,MI,MI ESCANABA
41.0136,-83.6686,USW00014825,243.8,OH,FINDLAY AP
42.9667,-83.7494,USW00014826,234.7,MI,MI FLINT BISHOP INTL AP
40.9706,-85.2064,USW00014827,241.1,IN,FT WAYNE INTL AP
43.9758,-84.4908,USW00014828,236.2,MI,GLADWIN
41.5272,-85.7922,USW00014829,252.1,IN,GOSHEN MUNI AP
42.2667,-84.4667,USW00014833,304.2,MI,MI JACKSON REYNOLDS FLD
40.4122,-86.9369,USW00014835,182.6,IN,IN LAFAYETTE PURDUE UNIV AP
42.7803,-84.5789,USW00014836,256.3,MI,MI LANSING CAPITAL CITY AP
43.1406,-89.3453,USW00014837,264,WI,WI MADISON DANE RGNL AP
46.5458,-87.3794,USW00014838,202.7,MI,MI MARQUETTE
42.955,-87.9044,USW00014839,204.2,WI,WI MILWAUKEE MITCHELL AP
43.1711,-86.2367,USW00014840,190.5,MI,MI MUSKEGON CO AP
45.5644,-84.7928,USW00014841,214.9,MI,PELLSTON RGNL AP
40.6675,-89.6839,USW00014842,198.1,IL,IL PEORIA GTR PEORIA AP
43.5331,-84.0797,USW00014845,201.2,MI,SAGINAW MBS INTL AP
41.45,-82.7167,USW00014846,178,OH,SANDUSKY
46.4794,-84.3572,USW00014847,220.1,MI,MI SAULT STE MARIE
41.7072,-86.3164,USW00014848,235.6,IN,IN SOUTH BEND MICHIANA RGNL
44.7408,-85.5825,USW00014850,188.4,MI,TRAVERSE CITY CHERRY CPTL AP
41.2544,-80.6739,USW00014852,359.7,OH,OH YOUNGSTOWN RGNL AP
42.2333,-83.5333,USW00014853,236.8,MI,DETROIT WILLOW RUN AP
42.0833,-87.8333,USW00014855,196.9,IL,GLENVIEW NAS
47.1686,-88.4889,USW00014858,333.8,MI,MI HANCOCK HOUGHTON CO AP
46.6667,-85.95,USW00014859,190.2,MI,MARAIS 2 E
42.08,-80.1825,USW00014860,222.5,PA,ERIE INTL AP
42.4167,-87.8667,USW00014880,221.6,IL,IL CHICAGO WAUKEGAN RGNL AP
40.8203,-82.5178,USW00014891,394.7,OH,OH MANSFIELD LAHM MUNI AP
41.7833,-87.6,USW00014892,181.1,IL,CHICAGO UNIV
40.1764,-80.6472,USW00014894,359.4,WV,WHEELING OHIO CO AP
40.9167,-81.4333,USW00014895,368.2,OH,OH AKRON CANTON RGNL AP
44.9258,-89.6256,USW00014897,360,WI,WI WAUSAU DWTN AP
44.4983,-88.1111,USW00014898,207.9,WI,WI GREEN BAY
45.8678,-95.3942,USW00014910,431.6,MN,ALEXANDRIA MUNI AP
48.1069,-98.8681,USW00014912,446.2,ND,DEVILS LAKE KDLR
46.8369,-92.2097,USW00014913,435.3,MN,MN DULUTH
46.9253,-96.8111,USW00014914,274.3,ND,ND FARGO HECTOR INTL AP
47.9428,-97.1839,USW00014916,256.6,ND,ND GRAND FORKS INTL AP
48.5614,-93.3981,USW00014918,360.6,MN,INTL FALLS INTL AP
46.9258,-98.6692,USW00014919,455.4,ND,JAMESTOWN MUNI AP
43.8789,-91.2528,USW00014920,198.7,WI,LA CROSSE MUNI AP
43.2119,-90.1814,USW00014921,218.5,WI,ROCK TRI CO AP
44.8831,-93.2289,USW00014922,265.8,MN,MN MINNEAPOLIS/ST PAUL AP
41.4653,-90.5233,USW00014923,180.4,IL,IL MOLINE QUAD CITY INTL
48.9711,-97.2417,USW00014924,240.8,ND,PEMBINA
43.9042,-92.4917,USW00014925,397.5,MN,MN ROCHESTER INTL AP
45.5433,-94.0514,USW00014926,310.3,MN,ST CLOUD RGNL AP
44.9319,-93.0556,USW00014927,213.4,MN,ST PAUL DOWNTOWN AP
45.4558,-98.4131,USW00014929,396.8,SD,SD ABERDEEN
40.7833,-91.1253,USW00014931,210.9,IA,IA BURLINGTON MUNI AP
41.5339,-93.6531,USW00014933,291.7,IA,IA DES MOINES INTL AP
40.9611,-98.3136,USW00014935,560.8,NE,NE GRAND ISLAND AP
44.3981,-98.2231,USW00014936,390.1,SD,SD HURON RGNL AP
41.6328,-91.5431,USW00014937,198.1,IA,CITY MUNI AP
40.0972,-92.5433,USW00014938,294.4,MO,KIRKSVILLE RGNL AP
40.8508,-96.7475,USW00014939,362.7,NE,NE LINCOLN MUNI AP
43.1544,-93.3269,USW00014940,373.4,IA,CITY MUNI AP
41.9856,-97.4353,USW00014941,472.7,NE,NE NORFOLK KARL STEFAN
41.3103,-95.8992,USW00014942,299.3,NE,NE OMAHA EPPLEY AIRFIELD
42.3914,-96.3792,USW00014943,333.8,IA,IA SIOUX CITY GATEWAY AP
43.5878,-96.7289,USW00014944,435.9,SD,SD SIOUX FALLS
40.4344,-95.3883,USW00014945,318.5,MO,TARKIO
44.9047,-97.1494,USW00014946,532.8,SD,WATERTOWN RGNL AP
41.1167,-95.9167,USW00014949,319.1,NE,NE BELLEVUE OFFUTT AFB
41.1078,-92.4467,USW00014950,256.6,IA,IA OTTUMWA INDUSTRIAL AP
40.8233,-96.7025,USW00014971,353.6,NE,LINCOLN UNIV PWR PLT
43.1644,-95.2017,USW00014972,407.8,IA,IA SPENCER MUNI AP
41.8833,-91.7167,USW00014990,264.6,IA,IA CEDAR RAPIDS MUNI AP
44.8664,-91.4878,USW00014991,269.7,WI,CLAIRE RGNL AP
44.5483,-95.0803,USW00014992,311.2,MN,REDWOOD FALLS MUNI AP
45.7728,-92.6886,USW00014995,301.8,WI,WI GRANTSBURG
19.7192,-155.0531,USW00021504,11.6,HI,HI HILO INTL AP
19.7356,-156.0489,USW00021510,13.1,HI,KAILUA KONA KE-AHOLE AP
19.5353,-155.5761,USW00021514,3407.4,HI,LOA 5 NNE
19.645,-155.0828,USW00021515,189.6,HI,S
29.3667,-100.7833,USW00022001,327.1,TX,DEL RIO LAUGHLIN AFB
29.3783,-100.9269,USW00022010,304.5,TX,DEL RIO INTL AP
29.3483,-103.2092,USW00022016,1065,TX,PANTHER JUNCTION 2 N
22.0333,-159.7833,USW00022501,4,HI,HI BARKING SANDS
21.3167,-158.0667,USW00022514,15.2,HI,HI BARBERS POINT NAS
20.8997,-156.4286,USW00022516,15.5,HI,HI KAHULUI AP
21.45,-157.7833,USW00022519,3,HI,HI KANEOHE BAY MCAS
21.3239,-157.9294,USW00022521,2.1,HI,HI HONOLULU INTL AP
21.1544,-157.0961,USW00022534,135,HI,HI MOLOKAI AP
21.9839,-159.3405,USW00022536,30.5,HI,HI LIHUE WSO AP 1020.1
21.3167,-158.0667,USW00022551,16.5,HI,HI EWA KALAELOA AP
32.85,-106.1,USW00023002,1267.4,NM,NM HOLLOMAN AFB
34.4272,-100.2831,USW00023007,594.7,TX,TX CHILDRESS MUNI AP
34.3833,-103.3167,USW00023008,1309.1,NM,CLOVIS CANNON AFB
33.3075,-104.5083,USW00023009,1112.2,NM,ROSWELL IND AIR PK
31.9433,-102.1889,USW00023023,874.2,TX,TX MIDLAND ODESSA
31.3711,-100.4922,USW00023034,576.1,TX,TX SAN ANGELO
39.7167,-104.75,USW00023036,1726.1,CO,AURORA BUCKLEY FLD ANGB
31.78,-103.2017,USW00023040,855.6,TX,CO AP
32.2442,-101.4536,USW00023041,765,TX,BIG SPRING
33.6542,-101.8136,USW00023042,993.3,TX,TX LUBBOCK
31.8111,-106.3758,USW00023044,1194.2,TX,PASO INTL AP
35.2333,-101.7089,USW00023047,1093.3,TX,TX AMARILLO
35.1822,-103.6031,USW00023048,1239,NM,TUCUMCARI MUNI AP
35.6169,-106.0889,USW00023049,1933.7,NM,FE CO MUNI AP
35.0419,-106.6156,USW00023050,1618.5,NM,NM ALBUQUERQUE INTL AP
36.4486,-103.1539,USW00023051,1511.8,NM,CLAYTON MUNI AIR PK
36.7414,-104.5022,USW00023052,1935.2,NM,RATON MUNI CREWS AP
35.6542,-105.1419,USW00023054,2095.2,NM,VEGAS MUNI AP
31.8311,-104.8089,USW00023055,1663,TX,TX PINE SPRINGS NP
31.8297,-107.6389,USW00023058,1239,NM,COLUMBUS
37.4389,-105.8614,USW00023061,2296.1,CO,CO ALAMOSA SAN LUIS AP
39.7633,-104.8694,USW00023062,1611.2,CO,CO DENVER-STAPLETON
39.65,-106.9167,USW00023063,1980.3,CO,FAA AP
37.9272,-100.7247,USW00023064,878.4,KS,GARDEN CITY RGNL AP
39.3669,-101.7,USW00023065,1112.8,KS,KS GOODLAND
39.1342,-108.54,USW00023066,1480.7,CO,CO GRAND JUNCTION WALKER
38.0494,-103.5122,USW00023067,1278.3,CO,JUNTA MUNI AP
37.2622,-104.3378,USW00023070,1749.9,CO,CO TRINIDAD PERRY STOKES AP
34.9325,-100.8903,USW00023072,823,TX,TX CLARENDON
32.2622,-107.7206,USW00023078,1310.9,NM,DEMING MUNI AP
35.5144,-108.7939,USW00023081,1972.4,NM,GALLUP MUNI AP
36.7436,-108.2292,USW00023090,1674.9,NM,FARMINGTON RGNL AP
30.9119,-102.9167,USW00023091,917.4,TX,FT STOCKTON PECOS AP
32.1667,-110.8833,USW00023109,808.9,AZ,DAVIS MONTHAN AFB
36.3333,-119.95,USW00023110,70.7,CA,CA LEMOORE REEVES NAS
36.25,-115.0333,USW00023112,573,NV,LAS VEGAS NELLIS AFB
33.9,-117.25,USW00023119,462.1,CA,CA MARCH AFB
33.8117,-118.1464,USW00023129,9.4,CA,CA LONG BEACH DAUGHERTY
34.2097,-118.4892,USW00023130,234.7,CA,NUYS AP
34.2167,-119.0833,USW00023136,23.5,CA,CAMARILLO AP
34.2006,-118.3575,USW00023152,225.9,CA,CA BURBANK GLENDALE PASADENA
38.0511,-117.0903,USW00023153,1644.4,NV,TONOPAH
39.2953,-114.8467,USW00023154,1908.7,NV,NV ELY YELLAND FLD AP
35.4344,-119.0542,USW00023155,149,CA,CA BAKERSFIELD AP
33.9286,-116.9814,USW00023156,789.7,CA,BEAUMONT #2
37.3711,-118.3581,USW00023157,1250.3,CA,CA BISHOP AP
33.6186,-114.7142,USW00023158,120.4,CA,BLYTHE AP
37.7064,-112.1456,USW00023159,2312.2,UT,BRYCE CANYON AP
32.1314,-110.9553,USW00023160,776.9,AZ,AZ TUCSON INTL AP
34.8536,-116.7858,USW00023161,584.3,CA,BARSTOW DAGGETT AP
39.3375,-112.5858,USW00023162,1408.2,UT,UT DELTA
36.0719,-115.1633,USW00023169,649.5,NV,NV LAS VEGAS MCCARRAN
38.3706,-110.7153,USW00023170,1313.1,UT,UT HANKSVILLE
33.9381,-118.3889,USW00023174,29.6,CA,CA LOS ANGELES INTL AP
38.4167,-113.0167,USW00023176,1536.2,UT,UT MILFORD MUNI AP
37.7981,-113.9256,USW00023177,1664.2,UT,MODENA
34.7675,-114.6189,USW00023179,271.3,CA,NEEDLES AP
34.6294,-118.0836,USW00023182,769.3,CA,CA PALMDALE AP
33.4278,-112.0039,USW00023183,337.4,AZ,AZ PHOENIX SKY HARBOR
34.6517,-112.4208,USW00023184,1536.8,AZ,PRESCOTT LOVE FLD
39.4839,-119.7711,USW00023185,1344.2,NV,RENO TAHOE INTL AP
34.7436,-118.7242,USW00023187,1374.6,CA,CA SANDBERG
32.7336,-117.1831,USW00023188,4.6,CA,CA SAN DIEGO LINDBERGH
34.4258,-119.8425,USW00023190,2.7,CA,CA SANTA BARBARA MUNI AP
33.405,-118.4158,USW00023191,488.3,CA,CA AVALON CATALINA AP
35.0281,-110.7208,USW00023194,1489.3,AZ,AZ WINSLOW MUNI AP
32.6667,-114.6,USW00023195,62.8,AZ,YUMA WSO AP
32.8167,-115.6833,USW00023199,-12.8,CA,EL CENTRO NAF
38.2667,-121.9333,USW00023202,18,CA,CA TRAVIS AFB
38.5039,-122.8103,USW00023213,34.7,CA,ROSA SONOMA CO AP
39.2775,-120.7103,USW00023225,1608.1,CA,BLUE CANYON AP
37.7214,-122.2208,USW00023230,1.8,CA,CA OAKLAND METRO INTL AP
38.5069,-121.495,USW00023232,4.6,CA,CA SACRAMENTO EXECUTIVE
36.6636,-121.6081,USW00023233,22.6,CA,CA SALINAS MUNICIPAL AP
37.6197,-122.3647,USW00023234,2.4,CA,CA SAN FRANCISCO INTL AP
37.8892,-121.2258,USW00023237,7.9,CA,CA STOCKTON METRO AP
37.7333,-122.3167,USW00023239,4.9,CA,CA ALAMEDA NAS
37.4058,-122.0481,USW00023244,11.9,CA,CA MOFFETT FEDERAL
37.9917,-122.055,USW00023254,5.5,CA,CA CONCORD BUCHANAN FLD
37.2847,-120.5128,USW00023257,46.3,CA,MERCED MUNI AP
37.6242,-120.9506,USW00023258,22.3,CA,CITY CO AP
36.5881,-121.8453,USW00023259,50.3,CA,CA MONTEREY PENINSUL AP
38.5556,-121.4169,USW00023271,11.6,CA,SACRAMENTO 5 ESE
37.7706,-122.4269,USW00023272,45.7,CA,SAN FRANCISCO DWTN
34.8994,-120.4486,USW00023273,73.8,CA,CA SANTA MARIA PUBLIC AP
39.1258,-123.2008,USW00023275,183.2,CA,MUNI AP
36.9358,-121.7886,USW00023277,48.8,CA,CA WATSONVILLE MUNI AP
37.6928,-121.8144,USW00023285,119.8,CA,LIVERMORE MUNI AP
37.3592,-121.9239,USW00023293,15.5,CA,JOSE
31.79,-86.0003,USW00023801,143.9,AL,W
31.8814,-87.7367,USW00023802,106.7,AL,THOMASVILLE 2 S
34.8222,-89.4347,USW00023803,147.5,MS,SPRINGS 4 N
35.82,-91.7811,USW00023904,138.7,AR,BATESVILLE 8 WNW
28.3044,-96.8231,USW00023906,4.6,TX,PORT ARANSAS 32 NNE
30.6222,-98.0847,USW00023907,414.8,TX,AUSTIN 33 NW
37.4278,-94.5828,USW00023908,290.2,MO,JOPLIN 24 N
37.6344,-91.7225,USW00023909,365.2,MO,SALEM 10 W
44.15,-103.1,USW00024006,979.9,SD,ELLSWORTH AFB
46.7708,-100.7603,USW00024011,505.4,ND,ND BISMARCK
46.7994,-102.7972,USW00024012,786.4,ND,ND THEODORE ROOSEVELT AP
48.2553,-101.2733,USW00024013,507.5,ND,INTL AP
40.1667,-103.2167,USW00024015,1421.3,CO,AKRON WASHINGTON CO AP
42.8375,-103.0953,USW00024017,1011.3,NE,CHADRON MUNI AP
41.1519,-104.8061,USW00024018,1867.8,WY,WY CHEYENNE
40.5233,-101.0344,USW00024020,928.1,NE,HAYES CENTER 1NW
42.8153,-108.7261,USW00024021,1704.4,WY,WY LANDER HUNT FLD AP
41.3119,-105.6747,USW00024022,2214.7,WY,LARAMIE RGNL AP
41.1214,-100.6694,USW00024023,846.7,NE,NE NORTH PLATTE RGNL AP
44.0511,-101.6011,USW00024024,672.4,SD,PHILIP AP
44.3814,-100.2856,USW00024025,531,SD,PIERRE RGNL AP
41.5944,-109.0528,USW00024027,2054.7,WY,WY ROCK SPRINGS AP
41.8706,-103.5931,USW00024028,1202.4,NE,NE SCOTTSBLUFF HEILIG AP
44.7694,-106.9689,USW00024029,1202.4,WY,WY SHERIDAN CO AP
41.1014,-102.9847,USW00024030,1313.4,NE,NE SIDNEY MUNI AP
42.8783,-100.55,USW00024032,789.4,NE,NE VALENTINE MILLER FLD
45.8069,-108.5422,USW00024033,1091.5,MT,MT BILLINGS LOGAN INTL AP
47.0492,-109.4578,USW00024036,1263.4,MT,LEWISTOWN MUNI AP
46.4267,-105.8825,USW00024037,799.8,MT,MILES CITY F WILEY FLD
42.0572,-102.8,USW00024044,1196,NE,ALLIANCE MUNI AP
40.4953,-107.5211,USW00024046,1885.5,CO,CRAIG MOFFAT CO AP
44.5169,-108.0822,USW00024048,1198.8,WY,S BIG HORN AP
41.8056,-107.1997,USW00024057,2053.1,WY,WY RAWLINS MUNI AP
43.0661,-108.4767,USW00024061,1697.1,WY,RIVERTON
43.9658,-107.9508,USW00024062,1271.6,WY,WORLAND
44.2169,-104.9292,USW00024088,1318.3,WY,MOORCROFT 3S
42.8975,-106.4636,USW00024089,1627,WY,WY CASPER NATRONA CO AP
44.0433,-103.0536,USW00024090,963.2,SD,RAPID CITY RGNL AP
40.51,-101.62,USW00024091,996.1,NE,IMPERIAL MUNI AP
41.1167,-111.9667,USW00024101,1459.1,UT,OGDEN HILL AFB
43.05,-115.8667,USW00024106,912,ID,HOME AFB
47.2078,-119.3192,USW00024110,364.5,WA,LAKE GRANT CO AP
47.5167,-111.1833,USW00024112,1058.3,MT,MALMSTROM AFB
47.6333,-117.65,USW00024114,743.1,WA,FAIRCHILD AFB
40.6117,-116.8917,USW00024119,1373.1,NV,BATTLE MOUNTAIN 4SE
40.9139,-111.3983,USW00024120,1691.6,UT,UT COALVILLE
40.8289,-115.7886,USW00024121,1533.1,NV,RGNL AP
41.1961,-112.0114,USW00024126,1362.5,UT,UT OGDEN HINKLEY AP
40.7781,-111.9694,USW00024127,1287.8,UT,SALT LAKE CITY INTL AP
40.9017,-117.8081,USW00024128,1309.4,NV,NV WINNEMUCCA MUNI AP
44.8428,-117.8086,USW00024130,1024.4,OR,CITY MUNI AP
43.5667,-116.2406,USW00024131,857.7,ID,ID BOISE AIR TERMINAL
45.7881,-111.1608,USW00024132,1349.3,MT,MT BOZEMAN GALLATIN FLD
42.5417,-113.7661,USW00024133,1262.5,ID,BURLEY MUNI AP
45.9647,-112.5006,USW00024135,1678.2,MT,MT BUTTE BERT MOONEY AP
48.6033,-112.3753,USW00024137,1169.8,MT,CUT BANK MUNI AP
45.2575,-112.5545,USW00024138,1585,MT,MT DILLON AP
46.6383,-113.1761,USW00024139,1219.2,MT,MT DRUMMOND AVIATION
47.3078,-119.5153,USW00024141,381.6,WA,WA EPHRATA MUNI AP
47.4733,-111.3822,USW00024143,1116.8,MT,GREAT FALLS INTL AP
46.6056,-111.9636,USW00024144,1166.8,MT,HELENA RGNL AP
43.5164,-112.0672,USW00024145,1441.4,ID,IDAHO FALLS FANNING FLD
45.2833,-118.0167,USW00024148,825.1,OR,GRANDE 6 SE
46.3747,-117.0156,USW00024149,437.7,ID,LEWISTON NEZ PERCE CO AP
45.6983,-110.4408,USW00024150,1415.2,MT,MT LIVINGSTON MISSION FLD
42.1492,-112.2872,USW00024151,1362.5,ID,MALAD CITY
45.5114,-118.4247,USW00024152,1134.8,OR,MEACHAM
46.9208,-114.0925,USW00024153,972.9,MT,MT MISSOULA INTL AP
47.4569,-115.645,USW00024154,1837.3,ID,ID MULLAN PASS VOR/DME
45.6906,-118.8528,USW00024155,461.8,OR,OR PENDLETON
42.9203,-112.5711,USW00024156,1364.9,ID,ID POCATELLO RGNL AP
47.6217,-117.5281,USW00024157,717.2,WA,WA SPOKANE INTL AP
47.1928,-114.8903,USW00024159,826,MT,SUPERIOR
46.0947,-118.2869,USW00024160,355.4,WA,WALLA RGNL AP
44.0206,-117.0128,USW00024162,667.5,OR,ONTARIO MUNI AP
46.2667,-119.1167,USW00024163,124.1,WA,PASCO TRI CITIES AP
42.5844,-110.1075,USW00024164,2124.5,WY,WY BIG PINEY MARBLETON AP
40.0681,-118.5692,USW00024172,1189.3,NV,LOVELOCK DERBY FLD
40.7206,-114.0358,USW00024193,1291.4,UT,UT WENDOVER AP AWOS
47.0833,-122.5833,USW00024201,89.9,WA,GRAY AAF
47.15,-122.4833,USW00024207,88.1,WA,WA TACOMA MCCHORD AFB
40.8097,-124.1603,USW00024213,6.1,CA,CA EUREKA WFO WOODLEY ISLAND
41.3325,-122.3328,USW00024215,1077.5,CA,SHASTA
40.1519,-122.2536,USW00024216,107.6,CA,RED BLUFF MUNI AP
48.7939,-122.5372,USW00024217,45.4,WA,BELLINGHAM INTL AP
45.6194,-121.1661,USW00024219,71.6,WA,DALLES MUNI AP
47.0339,-120.5303,USW00024220,538.3,WA,WA ELLENSBURG BOWERS FLD
44.1278,-123.2206,USW00024221,107.6,OR,OR EUGENE MAHLON SWEET AP
47.9078,-122.2803,USW00024222,184.7,WA,WA EVERETT SNOHOMISH AP
42.3811,-122.8722,USW00024225,395.3,OR,OR MEDFORD ROGUE VLY AP
46.9733,-122.9033,USW00024227,57.3,WA,WA OLYMPIA AP
45.5908,-122.6003,USW00024229,5.8,OR,OR PORTLAND INTL AP
44.2558,-121.1392,USW00024230,927.5,OR,OR REDMOND ROBERTS FLD
43.2389,-123.3547,USW00024231,160,OR,ROSEBURG RGNL AP
44.905,-123.0011,USW00024232,62.5,OR,OR SALEM MCNARY FLD
47.4444,-122.3139,USW00024233,112.8,WA,WA SEATTLE TACOMA INTL AP
47.5303,-122.3008,USW00024234,6.1,WA,SEATTLE BOEING FLD
42.6003,-123.3642,USW00024235,1168,OR,SEXTON SUMMIT
47.2767,-121.3372,USW00024237,1206.7,WA,STAMPEDE PASS
46.4833,-122.8167,USW00024241,115.5,WA,FAA AP
45.5511,-122.4089,USW00024242,8.8,OR,OR PORTLAND TROUTDALE AP
46.5683,-120.5428,USW00024243,324.3,WA,WA YAKIMA AIR TERMINAL
48.35,-122.6667,USW00024255,14.3,WA,WA WHIDBEY ISLAND NAS
40.5175,-122.2986,USW00024257,151.5,CA,CA REDDING MUNI AP
41.7806,-122.4717,USW00024259,803.1,CA,MONTAGUE SISKIYOU CO AP
47.65,-122.3,USW00024281,5.8,WA,SEATTLE URBAN SITE
40.9781,-124.1086,USW00024283,61,CA,ARCATA EUREKA AP
43.4133,-124.2436,USW00024284,5.2,OR,BEND RGNL AP
44.6431,-124.0556,USW00024285,37.2,OR,NEWPORT
41.7803,-124.2367,USW00024286,17.1,CA,CA CRESCENT CITY MCNAMARA AP
55.0389,-131.5786,USW00025308,33.2,AK,AK ANNETTE ISLAND AP
58.3567,-134.5639,USW00025309,4.9,AK,AK JUNEAU INTL AP
58.4111,-135.7089,USW00025322,12.2,AK,AK GUSTAVUS
59.2433,-135.5094,USW00025323,4.6,AK,HAINES AP
55.3567,-131.7117,USW00025325,23.2,AK,AK KETCHIKAN INTL AP
56.8056,-132.9372,USW00025329,32.6,AK,AK PETERSBURG 1
61.5961,-149.0917,USW00025331,70.1,AK,AK PALMER MUNI AP
57.0481,-135.3647,USW00025333,4.3,AK,AK SITKA AIRPORT
59.4556,-135.3239,USW00025335,6.1,AK,AK SKAGWAY AP
59.5119,-139.6711,USW00025339,10.1,AK,AK YAKUTAT STATE AP
55.58,-133.075,USW00025367,3.7,AK,KLAWOCK AP
57.7511,-152.4856,USW00025501,24.4,AK,AK KODIAK AP
58.6794,-156.6294,USW00025503,19.2,AK,AK KING SALMON
59.7494,-154.9089,USW00025506,43.6,AK,AK ILIAMNA AP
59.6419,-151.4908,USW00025507,19.5,AK,AK HOMER AP
59.4433,-151.7017,USW00025516,8.8,AK,SELDOVIA AP
55.2208,-162.7325,USW00025624,23.8,AK,AK COLD BAY AP
56.6,-169.565,USW00025628,38.1,AK,ST GEORGE ISLAND AP
51.8833,-176.65,USW00025704,5.2,AK,AK ADAK
57.1553,-170.2222,USW00025713,10.7,AK,AK ST PAUL ISLAND AP
61.25,-149.8,USW00026401,58.5,AK,AK ELMENDORF AFB
61.2169,-149.855,USW00026409,42.1,AK,AK ANCHORAGE MERRILL FLD
60.4889,-145.4511,USW00026410,9.4,AK,CORDOVA M K SMITH AP
64.8039,-147.8761,USW00026411,131.7,AK,AK FAIRBANKS INTL AP
62.9614,-141.9292,USW00026412,522.1,AK,AK NORTHWAY AP
63.9944,-145.7214,USW00026415,389.2,AK,BIG DELTA AP
64.7767,-141.1483,USW00026422,276.8,AK,AP
62.1592,-145.4589,USW00026425,476.1,AK,AK GULKANA AP
64.55,-149.0717,USW00026435,109.7,AK,AK NENANA MUNI AP
60.1283,-149.4167,USW00026438,6.7,AK,AK SEWARD AP
61.1303,-146.3517,USW00026442,29,AK,AK VALDEZ WSO
61.1689,-150.0278,USW00026451,36.6,AK,AK ANCHORAGE INTL AP
61.1781,-149.9664,USW00026491,27.4,AK,ANCHORAGE LAKE HOOD AP
60.785,-148.8389,USW00026492,31.4,AK,PORTAGE GLACIER V C
64.9736,-147.51,USW00026494,347.5,AK,FAIRBANKS 11 NE
64.7367,-156.9344,USW00026501,46.6,AK,AK GALENA AP
64.3267,-158.7417,USW00026502,55.2,AK,KALTAG AP
69.3694,-152.14,USW00026508,81.1,AK,AK UMIAT
62.9575,-155.6103,USW00026510,101.5,AK,AK MCGRATH AP
63.9033,-152.2817,USW00026512,312.4,AK,AK MINCHUMINA
61.9772,-151.2169,USW00026514,45.7,AK,SKWENTNA
60.5797,-151.2392,USW00026523,27.7,AK,KENAI MUNI AP
62.32,-150.095,USW00026528,106.7,AK,AK TALKEETNA AP
65.1744,-152.1069,USW00026529,69.2,AK,AK TANANA CALHOUN MEM AP
66.9161,-151.5089,USW00026533,195.7,AK,AK BETTLES AP
60.785,-161.8292,USW00026615,31.1,AK,AK BETHEL AP
66.8667,-162.6333,USW00026616,9.1,AK,AK KOTZEBUE RALPH WEIN
64.5111,-165.44,USW00026617,4,AK,AK NOME MUNI AP
65.6239,-168.0992,USW00026618,7.6,AK,AK WALES
67.7317,-164.5483,USW00026642,3,AK,KIVALINA AP
70.1917,-148.4772,USW00027406,18.6,AK,DEADHORSE AP
71.2833,-156.7814,USW00027502,9.4,AK,AK BARROW POST ROGERS
70.6392,-159.995,USW00027503,9.1,AK,AK WAINWRIGHT AP
70.2117,-151.0017,USW00027515,17.4,AK,NUIQSUT AP
52.7167,174.1,USW00045715,37.2,AK,AK SHEMYA USAF BASE
36.3189,-119.6289,USW00053119,75.9,CA,HANFORD MUNI AP
33.0375,-116.9158,USW00053120,424.6,CA,RAMONA AP
33.2194,-117.3494,USW00053121,8.5,CA,OCEANSIDE MUNI AP
36.2117,-115.1958,USW00053123,671.5,NV,LAS VEGAS AIR TERMINAL
32.2394,-111.1697,USW00053131,833,AZ,TUCSON 11 W
31.5908,-110.5086,USW00053132,1466.4,AZ,ELGIN 5 S
36.6239,-116.0225,USW00053136,1001,NV,MERCURY 3 SSW
39.0117,-114.2089,USW00053138,2016.9,NV,BAKER 5 W
36.6019,-117.145,USW00053139,25.6,CA,STOVEPIPE WELLS 1 SW
34.9883,-117.8647,USW00053144,695.9,CA,EDWARDS AFB NORTH AUX FLD
38.3028,-111.2936,USW00053149,1891,UT,TORREY 7 E
37.7592,-119.8208,USW00053150,2017.8,CA,YOSEMITE VILLAGE 12 W
33.4392,-117.1903,USW00053151,347.5,CA,FALLBROOK 5 NE
34.4142,-119.8797,USW00053152,5.5,CA,BARBARA 11 W
32.835,-114.1883,USW00053154,189,AZ,YUMA 27 ENE
35.7553,-112.3375,USW00053155,1825.8,AZ,WILLIAMS 35 NNW
39.4781,-88.2803,USW00053802,219.8,IL,MATTOON COLES CO AP
33.3633,-84.5658,USW00053819,261.5,GA,GA ATLANTA
31.4156,-87.0442,USW00053820,78.6,AL,AL EVERGREEN MIDDLETON FLD
34.2719,-83.8303,USW00053838,388.6,GA,GA GAINESVILLE GILMER AP
38.1847,-84.9033,USW00053841,245.1,KY,KY FRANKFORT CAPITAL CITY AP
39.825,-86.2958,USW00053842,250.9,IN,IN INDIANAPOLIS EAGLE CREEK AP
31.3089,-86.3939,USW00053843,94.5,AL,ANDALUSIA OPP AP
39.7556,-82.6572,USW00053844,264.9,OH,OH LANCASTER FAIRFIELD AP
30.7044,-87.0231,USW00053847,54.3,FL,WHITING FIELD NAS SOUTH
30.5069,-86.9597,USW00053848,31.1,FL,FL CHACTAW NOLF MILTON
34.6719,-82.8864,USW00053850,271.6,SC,CLEMSON OCONEE CO AP
34.6525,-86.9453,USW00053852,180.4,AL,DECATUR PRYOR FLD
30.4,-86.4717,USW00053853,6.7,FL,DESTIN FT WALTON AP
33.4617,-80.8581,USW00053854,60,SC,ORANGEBURG MUNI AP
39.3644,-84.5247,USW00053855,193.2,OH,HAMILTON BUTLER CO RGNL AP
30.4636,-88.5319,USW00053858,5.5,MS,PASCAGOULA LOTT INTL AP
39.5936,-84.2264,USW00053859,293.2,OH,DAYTON WRIGHT BROS AP
30.3361,-81.5147,USW00053860,12.5,FL,FL JACKSONVILLE CRAIG MUNI
30.0719,-83.5736,USW00053862,13.7,FL,PERRY FOLEY AP
33.875,-84.3022,USW00053863,305.4,GA,GA ATLANTA PEACHTREE AP
33.1783,-86.7817,USW00053864,172.2,AL,AL ALABASTER SHELBY CO AP
30.3433,-89.8222,USW00053865,8.2,LA,LA SLIDELL AP
39.5781,-85.8033,USW00053866,245.1,IN,IN SHELBYVILLE MUNI AP
33.9706,-80.9958,USW00053867,64.6,SC,COLUMBIA OWENS DWTN AP
36.0236,-84.2375,USW00053868,277.4,TN,TN OAK RIDGE ASOS
35.9403,-89.8308,USW00053869,77.7,AR,AR BLYTHEVILLE MUNI AP
35.1967,-81.1558,USW00053870,242.9,NC,GASTONIA MUNI AP
34.9869,-81.0575,USW00053871,203.9,SC,HILL YORK CO AP
35.0169,-80.6206,USW00053872,207,NC,MONROE AP
34.1231,-84.8486,USW00053873,232.6,GA,GA CARTERSVILLE AP
34.2486,-82.1592,USW00053874,192.3,SC,GREENWOOD CO AP
35.4944,-82.6142,USW00053877,655.6,NC,ASHEVILLE 8 SSW
35.4186,-82.5567,USW00053878,641,NC,ASHEVILLE 13 S
38.9597,-94.3714,USW00053879,303.9,MO,LEES SUMMIT MUNI AP
36.8781,-91.9025,USW00053901,372.8,MO,WEST PLAINS MUNI AP
30.3567,-95.4139,USW00053902,74.7,TX,CONROE MONTGOMERY CO AP
30.7439,-95.5861,USW00053903,111.6,TX,HUNTSVILLE MUNI AP
38.9286,-90.4281,USW00053904,132.9,MO,CHARLES CO AP
32.5428,-93.745,USW00053905,54.6,LA,SHREVEPORT DWTN AP
32.6636,-97.0939,USW00053907,192,TX,ARLINGTON MUNI AP
36.0394,-95.9844,USW00053908,194.5,OK,L JONES JR AP
32.9733,-97.3181,USW00053909,208.8,TX,FT WORTH ALLIANCE AP
30.0675,-95.5561,USW00053910,46.3,TX,HOUSTON HOOKS MEM AP
32.71,-96.2672,USW00053911,144.8,TX,TERRELL MUNI AP
32.0311,-96.3989,USW00053912,136.6,TX,TX CORSICANA CAMPBELL FLD
35.8517,-97.4142,USW00053913,325.5,OK,GUTHRIE MUNI AP
33.1803,-96.5903,USW00053914,176.8,TX,MCKINNEY MUNI AP
30.0375,-91.8839,USW00053915,7.3,LA,NEW IBERIA ACADIANA RGNL AP
39.8233,-93.5792,USW00053916,234.4,MO,MO CHILLICOTHE AGRI-SCI
30.0494,-90.0289,USW00053917,2.7,LA,LA NEW ORLEANS LAKEFRONT AP
36.3689,-92.4703,USW00053918,282.9,AR,MOUNTAIN HOME BAXTER AP
33.6361,-91.7556,USW00053919,88.4,AR,MONTICELLO MUNI AP
35.2578,-93.0947,USW00053920,122.8,AR,AR RUSSELLVILLE MUNI AP
34.5467,-93.5781,USW00053921,214,AR,MOUNT IDA ASOS
36.2833,-94.3,USW00053922,392.3,AR,FAYETTEVILLE NW AR AP
34.05,-94.4008,USW00053925,108.2,AR,QUEEN SEVIER CO AP
36.1181,-97.0914,USW00053926,271.3,OK,STILLWATER 2 W
36.1347,-97.1083,USW00053927,270.7,OK,STILLWATER 5 WNW
35.135,-90.2344,USW00053959,65.2,AR,WEST MEMPHIS MUNI AP
30.0917,-91.8731,USW00053960,10.7,LA,LAFAYETTE 13 SE
32.8833,-92.1164,USW00053961,26.8,LA,MONROE 26 N
31.7797,-95.7233,USW00053968,116.7,TX,PALESTINE 6 WNW
39.1028,-96.6097,USW00053974,346.6,KS,MANHATTAN 6 SSW
31.15,-92.9667,USW00053988,94.5,LA,FT POLK FULLERTON LNDG STRIP
42.1908,-71.1736,USW00054704,15.2,MA,NORWOOD MEM AP
44.3675,-71.545,USW00054728,327.4,NH,NH WHITEFIELD MT WASHINGTON AP
42.5842,-70.9175,USW00054733,32.9,MA,BEVERLY MUNI AP
41.3714,-73.4828,USW00054734,139.3,CT,DANBURY MUNI AP
40.1203,-76.2944,USW00054737,122.8,PA,LANCASTER AP
43.3436,-72.5178,USW00054740,176.2,VT,VT SPRINGFIELD HARTNESS AP
44.42,-72.0194,USW00054742,213.4,VT,VT SAINT JOHNSBURY
40.8764,-74.2831,USW00054743,52.7,NJ,CALDWELL ESSEX CO AP
42.57,-72.2911,USW00054756,169.2,MA,ORANGE MUNI AP
42.1094,-77.9919,USW00054757,647.4,NY,WELLSVILLE MUNI AP
41.7419,-72.1836,USW00054767,75.3,CT,CT WILLIMANTIC WINDHAM AP
42.6958,-73.1708,USW00054768,199.3,MA,NORTH ADAMS HARRIMAN AP
41.9097,-70.7294,USW00054769,45.4,MA,PLYMOUTH MUNI AP
42.805,-72.0036,USW00054770,317,NH,JAFFREY MUNI AP
44.5344,-72.6144,USW00054771,223.1,VT,VT MORRISVILLE STOWE STATE AP
43.9906,-70.9475,USW00054772,135.6,ME,FRYEBURG E SLOPES AP
43.3497,-76.3847,USW00054773,144.8,NY,FULTON OSWEGO CO AP
41.8756,-71.0211,USW00054777,13.1,MA,TAUNTON MUNI AP
42.6425,-77.0564,USW00054778,275.2,NY,YAN AP
41.0089,-74.7367,USW00054779,177.7,NJ,NJ ANDOVER AEROFLEX AP
41.0731,-71.9233,USW00054780,2.1,NY,MONTAUK AP
42.8914,-73.2469,USW00054781,251.8,VT,VT BENNINGTON MORSE ST AP
40.2383,-75.5572,USW00054782,88.7,PA,PA POTTSTOWN LIMERICK AP
40.6239,-74.6694,USW00054785,32,NJ,NJ SOMERVILLE SOMERSET AP
40.33,-75.1225,USW00054786,120.1,PA,DOYLESTOWN AP
40.7342,-73.4169,USW00054787,24.7,NY,NY FARMINGDALE AP
41.5097,-72.8278,USW00054788,31.4,CT,MERIDEN MARKHAM MUNI AP
41.1389,-75.3794,USW00054789,584,PA,MT POCONO MOUNTAINS AP
40.8217,-72.8689,USW00054790,25,NY,NY SHIRLEY BROOKHAVEN AP
43.2781,-70.9222,USW00054791,98.5,NH,NH ROCHESTER SKYHAVEN AP
41.0467,-78.4117,USW00054792,462.1,PA,PA CLEARFIELD LAWRENCE AP
41.2003,-74.6231,USW00054793,128.3,NJ,SUSSEX AP
43.1717,-70.9278,USW00054794,36.3,NH,DURHAM 2 N
43.1092,-70.9483,USW00054795,19.2,NH,DURHAM 2 SSW
41.4911,-71.5414,USW00054796,35.1,RI,KINGSTON 1 NW
41.4783,-71.5417,USW00054797,32.3,RI,KINGSTON 1 W
40.0528,-88.3728,USW00054808,213.4,IL,CHAMPAIGN 9 SW
46.3344,-86.92,USW00054810,266.7,MI,CHATHAM 1 SE
41.8431,-88.8514,USW00054811,262.4,IL,SHABBONA 5 NNE
46.4167,-86.65,USW00054813,186.5,MI,MI MUNSING LAKESHORE
40.3667,-81.7828,USW00054851,341.4,OH,COSHOCTON 8 NNE
44.9081,-84.7203,USW00054854,445.3,MI,GAYLORD 9 SSW
41.5561,-93.2856,USW00054902,280.7,IA,MOINES 17 E
44.0603,-90.1736,USW00054903,284.4,WI,NECEDAH 5 WNW
46.1136,-92.9936,USW00054932,344.4,MN,SANDSTONE 6 W
45.7114,-99.1294,USW00054933,596.5,SD,ABERDEEN 35 WNW
46.7703,-99.4778,USW00054937,585.2,ND,JAMESTOWN 38 WSW
33.355,-81.3278,USW00063826,96.6,SC,BLACKVILLE 3 W
31.3128,-84.4706,USW00063828,53.6,GA,NEWTON 8 W
31.1922,-84.4464,USW00063829,47.5,GA,NEWTON 11 SW
32.3378,-89.0703,USW00063831,114,MS,NEWTON 5 ENE
38.0944,-84.7464,USW00063838,271.6,KY,VERSAILLES 3 NNW
37.2503,-86.2325,USW00063849,240.8,KY,BOWLING GREEN 21 NNE
33.7836,-83.3897,USW00063850,225.9,GA,WATKINSVILLE 5 SSE
36.0139,-85.1344,USW00063855,583.1,TN,CROSSVILLE 7 NW
30.8078,-81.4597,USW00063856,7.6,GA,BRUNSWICK 23 S
34.285,-85.9622,USW00063857,351.1,AL,GADSDEN 19 N
32.4567,-87.2422,USW00063858,58.8,AL,SELMA 13 WNW
34.5653,-85.6172,USW00063862,310.9,AL,HEAD 1 SSW
34.3336,-86.3156,USW00063866,189,AL,GUNTERSVILLE 2 SW
34.1953,-86.7964,USW00063867,243.8,AL,CULLMAN 3 ENE
34.6603,-87.3461,USW00063868,175.3,AL,COURTLAND 2 WSW
30.5486,-87.8758,USW00063869,29,AL,FAIRHOPE 3 NE
31.0425,-86.3117,USW00063870,95.7,AL,FLORALA MUNI AP
31.9514,-85.1289,USW00063872,86.9,AL,FLD AP
30.3503,-81.8831,USW00063890,30.2,FL,FL JACKSON WHITEHOUSE NOLF
32.8517,-86.6114,USW00063891,178,AL,CLANTON 2 NE
32.8369,-88.1375,USW00063892,32.6,AL,GAINESVILLE 2 NE
32.7169,-87.6225,USW00063893,85.3,AL,GREENSBORO 2 WNW
34.7728,-87.64,USW00063894,161.5,AL,SHOALS 2 N
34.4536,-87.7103,USW00063895,219.5,AL,RUSSELLVILLE 4 SSE
34.6942,-85.9997,USW00063896,193.9,AL,SCOTTSBORO 2 NE
32.335,-86.9786,USW00063897,47.9,AL,SELMA 6 SSE
38.8883,-86.5708,USW00063898,231.6,IN,BEDFORD 5 WNW
31.145,-87.0517,USW00063899,51.8,AL,BREWTON 3 NNE
41.7858,-73.7422,USW00064756,125.9,NY,MILLBROOK 3 W
42.44,-76.2461,USW00064758,374.3,NY,ITHACA 13 E
43.2339,-75.4117,USW00064775,158.2,NY,NY ROME GRIFFISS AIRFIELD
44.65,-73.4667,USW00064776,71.3,NY,NY PLATTSBURGH INTL AP
31.9156,-86.3114,USW00073802,187.1,AL,HOME 2 S
33.5722,-86.0572,USW00073803,160,AL,TALLADEGA 10 NNE
39.7333,-77.4333,USW00092762,249.3,PA,FOUNTAIN DALE SITE R HELIPAD
26.25,-80.1083,USW00092805,6.4,FL,FL POMPANO BEACH AIRPARK
27.7628,-82.6261,USW00092806,2.4,FL,ST PETERSBURG AP
25.9989,-80.2411,USW00092809,2.7,FL,FL HOLLYWOOD NORTH PERRY AP
25.8064,-80.1336,USW00092811,0.3,FL,MIAMI BEACH
28.6158,-80.6928,USW00092821,0.9,FL,TITUSVILLE 7 E
25.8997,-81.3183,USW00092826,1.2,FL,EVERGLADES CITY 5 NE
27.1525,-81.3689,USW00092827,45.7,FL,SEBRING 23 SSE
37.1431,-107.7597,USW00093005,2030,CO,LA PLATA CO AP
39.2292,-106.3169,USW00093009,3027.3,CO,LEADVILLE LAKE CO AP
39.1894,-103.7158,USW00093010,1634.9,CO,CO LIMON WSMO
38.505,-107.8975,USW00093013,1755.3,CO,MONTROSE RGNL AP
31.4583,-109.6061,USW00093026,1251.2,AZ,AZ DOUGLAS BISBEE INL AP
34.5183,-109.3792,USW00093027,1747.4,AZ,ST JOHNS INDUSTRIAL AP
32.3336,-104.2581,USW00093033,985.1,NM,CARLSBAD CAVERN CITY AP
38.81,-104.6883,USW00093037,1884,CO,CO COLORADO SPRINGS MUNI
36.0167,-102.55,USW00093042,1216.2,TX,TX DALHART MUNI AP
35.0706,-108.8389,USW00093044,1923.6,NM,ZUNI
33.2367,-107.2681,USW00093045,1478.3,NM,NM TRUTH OR CONSEQUENCE AP
35.1664,-107.8992,USW00093057,1987.3,NM,GRANTS MILAN MUNI AP
38.29,-104.4983,USW00093058,1438.7,CO,PUEBLO MEM AP
39.5703,-104.8489,USW00093067,1793.1,CO,CO DENVER CENTENNIAL AP
37.3031,-108.6275,USW00093069,1802.6,CO,CORTEZ MONTEZUMA CO AP
39.2231,-106.8683,USW00093073,2353.1,CO,PITKIN CO AP
38.755,-109.7542,USW00093075,1390.2,UT,MOAB CANYONLAND AP
32.8547,-109.6353,USW00093084,968,AZ,SAFFORD MUNI AP
33.6667,-117.7333,USW00093101,116.1,CA,EL TORO MCAS
39.4167,-118.7167,USW00093102,1199.1,NV,FALLON NAAS
35.6875,-117.6931,USW00093104,679.7,CA,CA CHINA LAKE NAF
32.8667,-117.1333,USW00093107,145.4,CA,CA SAN DIEGO MIRAMAR NAS
34.2008,-119.2069,USW00093110,11,CA,OXNARD VENTURA CO AP
34.1167,-119.1167,USW00093111,4,CA,POINT MUGU NF
32.7,-117.2,USW00093112,7.9,CA,NORTH ISLAND NAS
33.7,-117.8333,USW00093114,18,CA,CA TUSTIN MCAF
32.5667,-117.1167,USW00093115,7.3,CA,IMPERIAL BEACH REAM FLD NAS
33.25,-119.45,USW00093116,153,CA,CA SAN NICOLAS ISLAND
37.7086,-113.0944,USW00093129,1702.6,UT,CITY MUNI AP
34.0511,-118.2353,USW00093134,70.1,CA,LOS ANGELES DWTN USC CAMPUS
33.8281,-116.5053,USW00093138,128.3,CA,PALM SPRINGS RGNL AP
34.2325,-111.3447,USW00093139,1478.3,AZ,PAYSON
33.4489,-112.0825,USW00093140,334.7,AZ,PHOENIX CITY
39.6092,-110.7547,USW00093141,1804.7,UT,PRICE CARBON CO AP
35.2578,-113.9331,USW00093167,1042.4,AZ,AZ KINGMAN MOHAVE CO AP
33.68,-117.8664,USW00093184,16.5,CA,ANA JOHN WAYNE AP
36.78,-119.7194,USW00093193,101.5,CA,CA FRESNO YOSEMITE INTL AP
34.0158,-118.4514,USW00093197,53,CA,SANTA MONICA MUNI AP
39.1019,-121.5678,USW00093205,18.9,CA,MARYSVILLE YUBA CO AP
35.2372,-120.6414,USW00093206,61,CA,LUIS OBISPO AP
35.6697,-120.6283,USW00093209,246.9,CA,PASO ROBLES MUNI AP
39.49,-121.6183,USW00093210,57.9,CA,OROVILLE MUNI AP
38.6956,-121.5897,USW00093225,7,CA,CA SACRAMENTO METRO AP
38.2103,-122.2847,USW00093227,4.3,CA,CO AP
37.6542,-122.115,USW00093228,13.1,CA,CA HAYWARD AIR TERMINAL
38.8983,-119.9947,USW00093230,1924.5,CA,SOUTH LAKE TAHOE AP
38.3775,-121.9575,USW00093241,33.2,CA,VACAVILLE NUT TREE AP
36.9878,-120.1106,USW00093242,77.1,CA,MADERA MUNI AP
37.2381,-120.8825,USW00093243,23.8,CA,MERCED 23 WSW
38.3208,-123.0747,USW00093245,19.2,CA,BODEGA 6 WSW
39.7078,-77.7297,USW00093706,212.8,MD,MD HAGERSTOWN WASHINGTON CO AP
33.8117,-78.7239,USW00093718,9.8,SC,MYRTLE BCH AP
35.0678,-77.0481,USW00093719,5.8,NC,BERN CRAVEN CO AP
38.3406,-75.5103,USW00093720,14.6,MD,MD SALISBURY WICOMICO RGNL
39.1667,-76.6833,USW00093721,47.5,MD,MD BALTIMORE WASH INTL AP
34.7,-77.3833,USW00093727,7.9,NC,NEW RIVER MCAF
35.2325,-75.6219,USW00093729,3.4,NC,NC CAPE HATTERAS AP
39.4494,-74.5672,USW00093730,18.3,NJ,NJ ATLANTIC CITY INTL AP
38.1386,-78.453,USW00093736,195.4,VA,VA CHARLOTTESVILLE AP
35.1333,-78.9333,USW00093737,93,NC,NC FT BRAGG SIMMONS AAF
38.9408,-77.4636,USW00093738,88.4,VA,VA WASHINGTON DC DULLES AP
37.9406,-75.4631,USW00093739,11.6,VA,VA WALLOPS ISLAND FLIGHT
34.9914,-78.8803,USW00093740,56.7,NC,NC FAYETTEVILLE RGNL AP
37.1319,-76.493,USW00093741,12.8,VA,NEWPORT NEWS INTL AP
34.6833,-77.0333,USW00093743,6.4,NC,NC SWANSBORO BOGUE FLD MCAF
35.855,-77.8931,USW00093759,48.8,NC,MT WILSON AP
34.7336,-76.6606,USW00093765,3.4,NC,BEAUFORT MICHAEL J SMITH FLD
36.9839,-77.0075,USW00093773,34.1,VA,NORFOLK RICH
37.7081,-77.4344,USW00093775,62.5,VA,ASHLAND HANOVER CO MUNI AP
39.9181,-76.8742,USW00093778,148.1,PA,AP
39.9492,-74.8417,USW00093780,16.2,NJ,HOLLY S JERSEY AP
36.4394,-77.7097,USW00093781,78,NC,ROANOKE RAPIDS AP
34.7917,-79.3661,USW00093782,67.1,NC,NC LAURINBURG MAXTON AP
36.0467,-79.4769,USW00093783,188.1,NC,NC BURLINGTON ALAMANCE AP
39.2814,-76.6089,USW00093784,6.1,MD,MD SCI CTR BALTIMORE
35.9333,-79.0642,USW00093785,156.1,NC,CHAPEL HILL WILLIAMS AP
38.3083,-75.1239,USW00093786,3.7,MD,CITY MUNI AP
34.3478,-85.1611,USW00093801,194.8,GA,ROME R B RUSSELL AP
30.3975,-84.3289,USW00093805,19.2,FL,FL TALLAHASSEE
33.2119,-87.6161,USW00093806,45.7,AL,TUSCALOOSA MUNI AP
36.1336,-80.2222,USW00093807,295.7,NC,NC WINSTON SALEM RYNLDS AP
36.9647,-86.4239,USW00093808,160.9,KY,BOWLING GREEN WARREN CO AP
37.0422,-89.1856,USW00093809,95.4,IL,CAIRO 3N
37.7797,-89.2497,USW00093810,123.7,IL,IL CARBONDALE SOUTHERN IL AP
39.1033,-84.4189,USW00093812,149.4,OH,OH CINCINNATI LUNKEN AP
39.0431,-84.6717,USW00093814,264.9,KY,KY CINCINNATI NORTHERN KY
39.9061,-84.2186,USW00093815,304.8,OH,OH DAYTON INTL AP
39.1186,-88.6242,USW00093816,190.5,IL,EFFINGHAM 3SW
38.0442,-87.5206,USW00093817,121.9,IN,IN EVANSVILLE REGIONAL
39.7075,-86.2803,USW00093819,240.8,IN,IN INDIANAPOLIS
38.0408,-84.6058,USW00093820,298.7,KY,KY LEXINGTON BLUEGRASS
38.1811,-85.7392,USW00093821,148.7,KY,KY LOUISVILLE INTL AP
39.8447,-89.6839,USW00093822,181.1,IL,IL SPRINGFIELD CAPITAL AP
39.45,-87.3,USW00093823,175.3,IN,HAUTE CAA AP
39.9444,-81.8922,USW00093824,268.2,OH,ZANESVILLE MUNI AP
37.0956,-89.9161,USW00093825,109.7,MO,ADVANCE 1 S
32.4833,-80.7167,USW00093831,11.3,SC,BEAUFORT MCAS
30.2167,-81.8833,USW00093832,27.1,FL,FL JACKSONVILLE CECIL FLD NAS
30.2333,-81.6667,USW00093837,6.1,FL,FL JACKSONVILLE NAS
35.3447,-89.8733,USW00093839,86,TN,MEMPHIS
30.7167,-87.0167,USW00093841,60.7,FL,WHITING FLD NAS
32.5161,-84.9422,USW00093842,119.5,GA,COLUMBUS METRO AP
30.7825,-83.2767,USW00093845,60.4,GA,VALDOSTA RGNL AP
34.4978,-82.7097,USW00093846,231.6,SC,SC ANDERSON CO AP
34.2622,-88.7714,USW00093862,110,MS,MS TUPELO RGNL AP
30.4119,-89.0808,USW00093874,12.8,MS,MS GULFPORT - BILOXI AP
32.7333,-96.9667,USW00093901,150,TX,DALLAS HENSLEY FLD NAS
38.8317,-94.8897,USW00093909,331.3,KS,KS OLATHE JOHNSON CO AP
31.7831,-95.6039,USW00093914,141.7,TX,PALESTINE 2 NE
31.3347,-92.5586,USW00093915,25.6,LA,LA ALEXANDRIA INTL AP
31.1828,-90.4708,USW00093919,125.9,MS,MS MCCOMB/PIKE CO/JOHN E LEWIS
34.8822,-95.7831,USW00093950,234.7,OK,MCALESTER RGNL AP
35.6567,-95.3614,USW00093953,185.9,OK,MUSKOGEE DAVIS FLD
37.0911,-95.5664,USW00093967,229.2,KS,KS COFFEYVILLE MUNI AP
32.7817,-98.0603,USW00093985,283.5,TX,MINERAL WELLS AP
34.9894,-99.0525,USW00093986,474.3,OK,MUNI AP
31.2361,-94.7544,USW00093987,87.8,TX,LUFKIN ANGELINA CO AP
34.175,-91.9347,USW00093988,63.1,AR,PINE BLUFF GRIDER FLD
39.9369,-91.1919,USW00093989,234.4,IL,IL QUINCY RGNL AP
39.3756,-99.8297,USW00093990,666.9,KS,CITY MUNI AP
33.2208,-92.8142,USW00093992,76.8,AR,S AR RGNL AP
36.0097,-94.1694,USW00093993,381.3,AR,AR FAYETTEVILLE DRAKE FLD
38.8761,-98.8092,USW00093997,568.1,KS,RUSSELL MUNI AP
48.2064,-106.6242,USW00094008,693.7,MT,MT GLASGOW
48.4089,-106.5144,USW00094010,840,MT,MARIE
48.4167,-101.35,USW00094011,497.1,ND,MINOT AFB
48.5428,-109.7633,USW00094012,787.9,MT,HAVRE CITY CO AP
48.1739,-103.6367,USW00094014,579.7,ND,ND WILLISTON SLOULIN INTL
48.0944,-105.5744,USW00094017,605.3,MT,POINT INTL AP
44.3394,-105.5419,USW00094023,1327.1,WY,WY GILLETTE CAMPBELL AP
40.4422,-109.5144,USW00094030,1603.2,UT,VERNAL MUNICIPAL AP
43.7331,-103.6114,USW00094032,1690.1,SD,CO AP
45.6044,-103.5464,USW00094037,915.6,SD,BUFFALO ASOS
46.0139,-102.6547,USW00094038,824.5,ND,HETTINGER MUNI AP
43.0206,-102.5183,USW00094039,999.1,SD,RIDGE AP
40.2064,-100.5914,USW00094040,771.1,NE,MUNI AP
47.6458,-101.4394,USW00094041,582.2,ND,GARRISON
40.0489,-107.8853,USW00094050,1947.7,CO,MEEKER AP
47.3258,-106.9475,USW00094051,811.4,MT,JORDAN AP
45.5464,-100.4078,USW00094052,522.7,SD,MOBRIDGE MUNI AP
42.0647,-104.1528,USW00094053,1281.7,WY,TORRINGTON MUNI AP
44.3814,-106.7211,USW00094054,1513.9,WY,BUFFALO JOHNSON CO AP
46.3583,-104.25,USW00094055,905.6,MT,MUNI AP
45.0319,-102.0192,USW00094056,786.4,SD,MUNI AP
42.7972,-105.3856,USW00094057,1502.4,WY,DOUGLAS CONVERSE CO AP
48.4886,-105.2097,USW00094059,805.6,MT,POINT 34 NE
48.3083,-105.1017,USW00094060,635.5,MT,POINT 29 ENE
40.8067,-104.7553,USW00094074,1642.9,CO,NUNN 7 NNE
40.0353,-105.5408,USW00094075,2995.6,CO,BOULDER 14 W
42.4247,-103.7364,USW00094077,1342.9,NE,HARRISON 20 SSE
42.6753,-108.6686,USW00094078,1759.6,WY,LANDER 11 SSE
42.0681,-101.445,USW00094079,1140,NE,WHITMAN 5 ENE
46.8947,-103.3769,USW00094080,844.6,ND,MEDORA 7 E
45.5161,-103.3017,USW00094081,878.7,SD,BUFFALO 13 ESE
40.2447,-108.9678,USW00094082,1847.7,CO,DINOSAUR 2 E
48.9675,-102.1703,USW00094084,561.4,ND,NORTHGATE 5 ESE
44.0194,-100.3531,USW00094085,647.4,SD,PIERRE 24 S
44.5169,-104.4364,USW00094088,1765.4,WY,SUNDANCE 8 NNW
42.5906,-117.8644,USW00094107,1234.4,OR,ST AP
47.9742,-117.4283,USW00094119,667.8,WA,DEER PARK AP
41.7872,-111.8533,USW00094128,1357.6,UT,LOGAN CACHE AP
46.7439,-117.1086,USW00094129,777.5,WA,PULLMAN MOSCOW RGNL AP
43.5317,-112.9422,USW00094143,1505.1,ID,FALLS 46 W
44.5444,-110.4211,USW00094173,2388.1,WY,WY YELLOWSTONE LAKE
47.6831,-117.3214,USW00094176,595.3,WA,SPOKANE FELTS FLD
42.4819,-114.4869,USW00094178,1265.2,ID,FALLS SUN VLY RGNL AP
44.8889,-116.1017,USW00094182,1528,ID,MCCALL AP
43.595,-118.9564,USW00094185,1261.9,OR,BURNS MUNI AP
43.8339,-111.8045,USW00094194,1480.7,ID,REXBURG MADISON CO AP
48.4608,-119.5167,USW00094197,395,WA,OMAK AP
46.1569,-123.8825,USW00094224,2.7,OR,OR ASTORIA RGNL AP
46.9728,-123.9303,USW00094225,3.7,WA,WA HOQUIAM BOWERMAN AP
47.2381,-123.1408,USW00094227,82.6,WA,WA SHELTON SANDERSON FLD
42.1469,-121.7242,USW00094236,1244.8,OR,KLAMATH FALLS INTL AP
47.3978,-120.2014,USW00094239,374.6,WA,WA WENATCHEE PANGBORN AP
47.9375,-124.555,USW00094240,56.4,WA,WA QUILLAYUTE STATE AP
47.4933,-122.2144,USW00094248,8.8,WA,RENTON MUNI AP
45.5406,-122.9486,USW00094261,62.2,OR,OR PORTLAND-HILLSBORO AP
48.1203,-123.4983,USW00094266,87.8,WA,PORT ANGELES INTL AP
45.1947,-123.1339,USW00094273,48.5,OR,OR MCMINNVILLE MUNI AP
47.2675,-122.5761,USW00094274,89,WA,TACOMA NARROWS AP
48.5222,-123.0231,USW00094276,33.2,WA,FRIDAY HARBOR AP
45.2486,-122.7686,USW00094281,59.7,OR,AURORA STATE AP
47.6872,-122.2553,USW00094290,18.3,WA,SEATTLE SAND PT WSFO
45.6208,-122.6572,USW00094298,9.1,WA,WA VANCOUVER PEARSON AP
41.4914,-120.5644,USW00094299,1333.5,CA,ALTURAS MUNI AP
43.9636,-69.7117,USW00094623,20.7,ME,WISCASSET AP
41.6875,-69.9933,USW00094624,20.7,MA,CHATHAM MUNI AP
45.4622,-69.5953,USW00094626,316.1,ME,ME GREENVILLE MAINE
44.9281,-68.7006,USW00094644,38.7,ME,TOWN 2 W
46.96,-67.8833,USW00094645,224.6,ME,LIMESTONE 4 NNW
44.5761,-71.1786,USW00094700,353,NH,NH BERLIN MUNI AP
41.1583,-73.1289,USW00094702,1.5,CT,CT BRIDGEPORT SIKORSKY MEM
42.5708,-77.7133,USW00094704,208.8,NY,NY DANSVILLE MUNI AP
44.2033,-72.5794,USW00094705,343.2,VT,VT BARRE MONTPELIER AP
41.6686,-70.28,USW00094720,16.8,MA,MA HYANNIS BARNSTABLE MUNI AP
42.7172,-71.1239,USW00094723,45.4,MA,LAWRENCE MUNI AP
41.3931,-70.615,USW00094724,20.7,MA,VINEYARD HAVEN AP
44.9358,-74.8458,USW00094725,65.2,NY,MASSENA INTL AP
41.6764,-70.9583,USW00094726,24.4,MA,NEW BEDFORD MUNI AP
40.7789,-73.9692,USW00094728,39.6,NY,NEW YORK CNTRL PK TWR
40.0819,-75.0111,USW00094732,30.5,PA,PHILADELPHIA NE AP
44.3853,-74.2067,USW00094740,506.9,NY,SARANAC RGNL AP
40.85,-74.0614,USW00094741,2.7,NJ,TETERBORO AP
41.0669,-73.7075,USW00094745,115.5,NY,WESTCHESTER CO AP
42.2706,-71.8731,USW00094746,304.8,MA,MA WORCESTER RGNL AP
43.6264,-72.3047,USW00094765,182.3,NH,LEBANON MUNI AP
40.6386,-73.7622,USW00094789,3.4,NY,NEW YORK JFK INTL AP
43.9922,-76.0217,USW00094790,96.9,NY,WATERTOWN INTL AP
41.1667,-71.5833,USW00094793,33.5,RI,BLOCK ISLAND STATE AP
43.145,-75.3839,USW00094794,216.7,NY,ONEIDA CO AP
44.3592,-84.6739,USW00094814,350.8,MI,MI HOUGHTON LK ROSCOMMON
42.2347,-85.5519,USW00094815,264.6,MI,KALAMAZOO BATTLE CK INTL AP
42.665,-83.4181,USW00094817,297.5,MI,PONTIAC OAKLAND CO INTL AP
42.7611,-87.8136,USW00094818,205.4,WI,RACINE BATTEN AP
42.1928,-89.0931,USW00094822,222.5,IL,IL ROCKFORD GTR ROCKFORD
40.4847,-80.2144,USW00094823,366.7,PA,PA PITTSBURGH INTL AP
41.5886,-83.8014,USW00094830,203.9,OH,OH TOLEDO EXPRESS AP
41.995,-87.9336,USW00094846,200.6,IL,IL CHICAGO OHARE INTL AP
42.2314,-83.3308,USW00094847,192.3,MI,MI DETROIT METRO AP
45.0717,-83.5644,USW00094849,208.5,MI,ALPENA CO RGNL AP
46.5311,-87.5483,USW00094850,430.1,MI,MI MARQUETTE
43.9844,-88.5569,USW00094855,238.4,WI,OSHKOSH WITTMAN AP
42.8939,-85.5447,USW00094860,237.1,MI,MI GRAND RAPIDS
40.0397,-88.2778,USW00094870,229.8,IL,IL CHAMPAIGN WILLARD AP
42.1244,-86.4267,USW00094871,196,MI,BENTON HARBOR AP
42.2228,-83.7444,USW00094889,255.7,MI,ARBOR MUNI AP
41.9144,-88.2464,USW00094892,229.8,IL,WEST CHICAGO DUPAGE AP
45.8183,-88.1144,USW00094893,350.2,MI,MTN FORD AP
40.2342,-85.3936,USW00094895,285.6,IN,MUNCIE DELAWARE CO AP
44.0219,-82.7931,USW00094898,179.8,MI,PORT HOPE
47.4667,-87.8833,USW00094899,190.8,MI,MI COPPER HARBOR
42.3978,-90.7036,USW00094908,321.9,IA,IA DUBUQUE RGNL AP
42.5544,-92.4011,USW00094910,264.6,IA,IA WATERLOO MUNI AP
42.8783,-97.3633,USW00094911,359.7,SD,YANKTON 2 E
41.3536,-96.0233,USW00094918,390.1,NE,OMAHA #1
47.9667,-97.4,USW00094925,276.1,ND,GRAND FORKS AF
46.5486,-90.9189,USW00094929,251.8,WI,ASHLAND KENNEDY MEM AP
47.3864,-92.8389,USW00094931,412.1,MN,MN HIBBING CHISHOLM HIBBING AP
46.4047,-94.1308,USW00094938,372.2,MN,BRAINERD CROW WING CO AP
43.7667,-99.3183,USW00094943,519.1,SD,SD CHAMBERLAIN MUNI AP
41.4333,-99.6333,USW00094946,771.1,NE,BOW MUNI AP
40.6044,-98.4272,USW00094949,591.3,NE,HASTINGS MUNI AP
43.7667,-98.0333,USW00094950,397.2,SD,MITCHELL MUNI AP
40.0803,-95.5919,USW00094957,298.7,NE,FALLS CITY BRENNER FLD
41.6236,-98.9517,USW00094958,630.6,NE,ORD EVELYN SHARP FLD
45.0619,-93.3508,USW00094960,262.4,MN,MPLS CRYSTAL AP
48.7167,-94.6,USW00094961,329.8,MN,BAUDETTE INTL AP
44.8322,-93.4706,USW00094963,276.5,MN,MPLS FLYING CLOUD AP
46.9006,-95.0678,USW00094967,437.1,MN,RAPIDS MUNI AP
43.4075,-94.7461,USW00094971,401.4,IA,IA ESTHERVILLE MUNI AP
46.0261,-91.4442,USW00094973,367,WI,HAYWARD MUNI AP
41.7636,-96.1778,USW00094978,313.3,NE,TEKAMAH MUNI AP
41.6117,-90.5808,USW00094982,229.8,IA,IA DAVENPORT
44.6381,-90.1875,USW00094985,382.5,WI,MARSHFIELD MUNI AP
42.1128,-92.9175,USW00094988,296.9,IA,IA MARSHALLTOWN MUNI AP
41.9922,-93.6217,USW00094989,283.5,IA,MUNI AP
43.3906,-99.8422,USW00094990,619.4,SD,WINNER WILEY FLD
40.6331,-93.9019,USW00094991,344.7,IA,LAMONI MUNI AP
47.7472,-90.3444,USW00094992,185.9,MN,GRAND MARAIS
45.6689,-96.9914,USW00094993,353.9,SD,SISSETON MUNI AP
43.1561,-90.6775,USW00094994,204.8,WI,BOSCOBEL AP
40.8483,-96.565,USW00094995,362.4,NE,LINCOLN 8 ENE
40.6953,-96.8542,USW00094996,418.2,NE,LINCOLN 11 SW
